date,precipitation,temp_max,temp_min,wind,,
2020-01-01,0.2,21.05378,4.1580715,21.791153,,
2020-01-02,0,17.59101,7.4050665,25.537172,,
2020-01-03,0,19.042114,6.304413,26.427528,,
2020-01-04,0,16.645073,4.0755596,19.242327,,
2020-01-05,0,19.521091,0.114216805,19.9954,,
2020-01-06,0,22.335098,1.0997362,14.04,,
2020-01-07,0,16.626873,2.6213841,18.25026,,
2020-01-08,0,20.694666,2.721796,20.497883,,
2020-01-09,0,22.143217,3.2262964,19.85556,,
2020-01-10,0,21.797447,2.3196092,21.129883,,
2020-01-11,0,21.866175,3.962019,14.021525,,
2020-01-12,0,22.094126,4.378375,13.450708,,
2020-01-13,0,23.02175,6.6937046,12.475961,,
2020-01-14,0.1,22.084194,7.4556904,15.30741,,
2020-01-15,0,22.728079,10.378217,18.075441,,
2020-01-16,1.4000001,21.404585,11.558077,21.203358,,
2020-01-17,0,21.000654,9.894931,21.382906,,
2020-01-18,0.1,21.661232,7.7048283,18.36353,,
2020-01-19,4.5,16.274036,10.655759,25.189713,,
2020-01-20,0.70000005,15.261625,7.463978,15.815435,,
2020-01-21,0.4,16.883434,2.27147,17.414474,,
2020-01-22,0,20.56005,3.9576883,20.188908,,
2020-01-23,0,17.79027,4.1494036,13.891522,,
2020-01-24,0.2,17.12471,8.525287,17.709658,,
2020-01-25,0,21.56909,5.916314,18.899143,,
2020-01-26,0,19.45388,3.742813,10.587918,,
2020-01-27,0,21.716908,6.088681,13.049689,,
2020-01-28,0,19.703163,-0.7639761,20.65848,,
2020-01-29,0,18.981665,3.185917,23.576563,,
2020-01-30,0,18.874155,3.4240532,22.33161,,
2020-01-31,0,20.559946,5.342268,23.333443,,
2020-02-01,0,17.888174,4.5669403,19.245697,,
2020-02-02,0,19.8538,5.814088,30.10685,,
2020-02-03,0,18.36019,6.7210293,27.77838,,
2020-02-04,0.2,19.792747,6.4085293,22.065973,,
2020-02-05,3.8999996,15.995007,8.458038,23.166218,,
2020-02-06,2.1,22.130398,6.5226307,20.46941,,
2020-02-07,0,22.664646,2.8008566,15.546833,,
2020-02-08,0,23.680975,3.1224403,23.507753,,
2020-02-09,0,23.981104,4.929763,23.966375,,
2020-02-10,0,26.082605,8.6014,22.392464,,
2020-02-11,0,25.86817,10.295441,21.9718,,
2020-02-12,0,25.171345,5.5533,22.862125,,
2020-02-13,0,23.310806,6.7256403,14.145756,,
2020-02-14,0.1,23.292068,6.3227882,19.95972,,
2020-02-15,0.1,25.281311,5.5521154,18.35647,,
2020-02-16,0,25.070417,7.1733923,15.30741,,
2020-02-17,0,26.480463,8.146336,18.0036,,
2020-02-18,0,27.57895,9.572467,18,,
2020-02-19,0,27.204,6.937845,14.336861,,
2020-02-20,0,24.03785,7.7572546,25.570139,,
2020-02-21,0,22.072731,8.583721,25.919998,,
2020-02-22,0,25.711916,4.544818,31.237131,,
2020-02-23,0,26.067327,10.644465,25.460934,,
2020-02-24,0,27.807129,11.961023,19.45333,,
2020-02-25,0,24.303492,6.5913286,24.187069,,
2020-02-26,0,21.297607,7.185318,29.627363,,
2020-02-27,0,22.615322,-0.79979515,27.698954,,
2020-02-28,0,24.106607,8.37886,27.162708,,
2020-02-29,0,26.595505,4.6351786,27.682571,,
2020-03-01,0,27.618341,7.744869,18.161278,,
2020-03-02,0.3,25.95765,10.591882,20.833395,,
2020-03-03,0,22.927944,8.0815525,28.66694,,
2020-03-04,0,25.444145,4.7194824,27.804028,,
2020-03-05,0.1,26.037735,9.756206,23.0653,,
2020-03-06,0.1,23.244682,5.607069,25.294964,,
2020-03-07,0,24.24588,4.078909,23.4,,
2020-03-08,0,25.599905,6.1662703,24.648829,,
2020-03-09,0,27.478096,7.051483,25.076267,,
2020-03-10,0,26.691591,9.034258,26.552288,,
2020-03-11,0.2,23.652298,11.5811825,19.652176,,
2020-03-12,0,28.507748,12.001604,19.386593,,
2020-03-13,0.3,27.590397,12.094776,19.839235,,
2020-03-14,0.3,27.616543,12.4398155,20.65848,,
2020-03-15,0.1,27.30034,11.245267,19.995398,,
2020-03-16,1.7,25.077435,12.0637,24.18707,,
2020-03-17,0,24.216217,10.226603,15.192682,,
2020-03-18,0,26.190758,10.541372,16.075521,,
2020-03-19,0.3,28.176418,11.939131,26.208395,,
2020-03-20,2,27.475552,13.1029625,21.24305,,
2020-03-21,2.2,25.6463,13.831699,23.47741,,
2020-03-22,0,27.400394,10.861558,17.163355,,
2020-03-23,0.6,28.723831,9.5352745,16.73516,,
2020-03-24,0,29.70755,10.190692,21.24305,,
2020-03-25,0,29.820919,8.2355995,19.469976,,
2020-03-26,0,29.514187,11.255928,21.605999,,
2020-03-27,0,28.245678,8.833656,26.28986,,
2020-03-28,0,28.151176,10.410302,21.2522,,
2020-03-29,0,28.059727,10.675018,24.472057,,
2020-03-30,0,29.457752,12.723883,25.86494,,
2020-03-31,0,27.026936,14.178978,20.12461,,
2020-04-01,0.1,27.100582,12.112911,25.460936,,
2020-04-02,0.70000005,26.515894,13.718664,19.602652,,
2020-04-03,4.2,23.904364,12.6553135,22.039528,,
2020-04-04,4.3999996,25.471571,10.66243,11.720751,,
2020-04-05,0,28.119507,10.922615,23.051247,,
2020-04-06,0.2,25.255013,11.68984,16.199999,,
2020-04-07,0.1,24.195086,11.828991,19.966211,,
2020-04-08,0,28.507359,10.642235,15.158522,,
2020-04-09,0.1,28.343975,12.110794,24.023088,,
2020-04-10,0.6,26.628487,11.344079,17.581125,,
2020-04-11,0,28.971851,10.857854,28.174456,,
2020-04-12,0,26.612919,10.5149355,25.942488,,
2020-04-13,0,29.118523,9.540238,32.072342,,
2020-04-14,0,28.537132,11.69219,25.516865,,
2020-04-15,0,27.068546,14.792505,19.08,,
2020-04-16,0.2,29.774578,13.079834,23.686249,,
2020-04-17,0,28.444992,14.151918,17.0763,,
2020-04-18,0,29.01418,13.962345,15.696165,,
2020-04-19,0,29.429035,12.191998,22.539564,,
2020-04-20,0.4,30.909851,13.029575,30.563978,,
2020-04-21,0.1,28.465706,15.259035,25.683926,,
2020-04-22,0,29.369663,14.266714,15.463244,,
2020-04-23,1.2,27.447002,12.77589,17.287498,,
2020-04-24,1.2,28.481606,13.878702,25.764534,,
2020-04-25,0.9,27.049059,14.645819,21.542923,,
2020-04-26,5.4,25.988377,13.964975,24.933735,,
2020-04-27,1.2,24.724834,12.664387,19.829433,,
2020-04-28,1.2,26.287806,10.907619,20.696085,,
2020-04-29,1,27.48959,10.561867,29.871325,,
2020-04-30,1,25.19685,10.5214205,28.1169,,
2020-05-01,3.5999997,24.125769,9.87015,31.89202,,
2020-05-02,2.6,24.797071,8.354538,10.948973,,
2020-05-03,0,27.01887,9.407473,21.068459,,
2020-05-04,0,28.744682,11.279727,21.578989,,
2020-05-05,0.90000004,28.122482,15.227648,19.296135,,
2020-05-06,3.6,25.237152,12.598164,27.181787,,
2020-05-07,6.8,22.780704,12.623646,18.331741,,
2020-05-08,0.3,23.464102,8.305692,10.1887,,
2020-05-09,1.1,21.72971,11.772043,17.651016,,
2020-05-10,3,23.414043,11.867086,13.684735,,
2020-05-11,2.8999999,21.824802,11.062276,17.015474,,
2020-05-12,0.5,25.375135,9.958108,17.283749,,
2020-05-13,0,26.494007,10.7928505,21.42227,,
2020-05-14,0,26.322813,12.773342,16.870138,,
2020-05-15,0,28.081367,10.808947,21.647945,,
2020-05-16,0.1,27.646011,8.130965,25.49908,,
2020-05-17,0,27.84235,9.729423,16.179985,,
2020-05-18,0,26.70241,12.7428665,22.870626,,
2020-05-19,0.2,27.438541,11.699214,19.272614,,
2020-05-20,0,27.237082,13.627766,16.981165,,
2020-05-21,0.4,28.25285,12.627045,23.510508,,
2020-05-22,0,27.68776,11.038714,18.057508,,
2020-05-23,0,26.864674,11.754656,21.749481,,
2020-05-24,0.1,28.413834,14.151649,25.603062,,
2020-05-25,0,27.182137,9.371111,20.291357,,
2020-05-26,0.1,28.590073,8.388731,26.476522,,
2020-05-27,0,27.410769,11.805082,27.820337,,
2020-05-28,0.3,25.772192,11.341863,27.504095,,
2020-05-29,3.7999997,23.240543,11.579777,24.717085,,
2020-05-30,0.4,23.132568,10.558781,18.014393,,
2020-05-31,0.2,24.165546,11.624024,21.26744,,
2020-06-01,9.3,23.8818,13.537966,24.066206,,
2020-06-02,1,24.31284,13.120592,26.6327,,
2020-06-03,0,22.880829,13.4090805,28.44,,
2020-06-04,0.2,26.670578,13.182423,24.280659,,
2020-06-05,0,27.666565,13.210312,26.64,,
2020-06-06,1.3000001,25.624123,13.865097,25.346148,,
2020-06-07,0.5,26.045658,14.010962,16.78156,,
2020-06-08,0.9000001,27.925179,15.316126,16.039202,,
2020-06-09,1.8000001,29.298885,14.821754,18.892282,,
2020-06-10,1,28.06865,14.903414,23.233252,,
2020-06-11,2.4,22.56543,14.555252,19.386593,,
2020-06-12,1.1000001,21.335978,11.049062,31.421213,,
2020-06-13,0.6,23.529896,10.317695,28.503725,,
2020-06-14,0,24.502277,10.292008,24.933735,,
2020-06-15,0,24.720222,8.488768,21.746504,,
2020-06-16,0,26.71965,10.161227,22.101183,,
2020-06-17,0,27.645733,12.460333,26.459389,,
2020-06-18,0.2,26.919651,14.534477,25.862436,,
2020-06-19,0.1,28.408928,14.4571,26.836306,,
2020-06-20,0.1,27.69989,13.944437,25.922499,,
2020-06-21,1.2,27.625813,15.754654,20.88,,
2020-06-22,25.900003,21.630339,15.290363,16.75064,,
2020-06-23,18.9,26.24358,12.974775,13.746156,,
2020-06-24,9.3,19.300453,13.147402,14.33234,,
2020-06-25,4.7,20.716217,13.575817,18.11841,,
2020-06-26,4.7,23.69714,13.746527,17.309975,,
2020-06-27,0.90000004,26.214941,14.111202,15.683774,,
2020-06-28,0,25.040548,12.114561,17.309973,,
2020-06-29,0.70000005,26.414455,13.906239,19.386591,,
2020-06-30,6.6,25.288136,14.677399,20.12461,,
2020-07-01,6.6,25.474573,14.402031,15.137133,,
2020-07-02,5.899999,24.158142,13.993786,13.049689,,
2020-07-03,2.7999997,25.342962,11.81786,19.469976,,
2020-07-04,5.7,24.558735,12.753735,13.358861,,
2020-07-05,17.800001,25.390055,13.618603,13.397612,,
2020-07-06,18.500002,22.742525,13.621172,12.819235,,
2020-07-07,3.8,23.215942,14.1206,20.696087,,
2020-07-08,1.3000002,21.497581,13.759508,23.749088,,
2020-07-09,4,24.714096,14.578224,8.78872,,
2020-07-10,3.3999999,24.758234,10.0039425,20.268991,,
2020-07-11,2.9,24.549358,11.501082,18.416384,,
2020-07-12,2.5,24.64943,12.292837,14.264361,,
2020-07-13,3.8000002,26.066116,12.622999,19.008547,,
2020-07-14,2.3,25.990168,12.438787,16.923828,,
2020-07-15,4.9,26.924047,13.744286,13.009903,,
2020-07-16,1.2,25.526283,13.132889,14.440443,,
2020-07-17,1.6000001,24.041859,11.45636,13.104198,,
2020-07-18,1.2,24.141443,11.145415,11.440979,,
2020-07-19,1.4000001,25.992405,12.662363,24.522314,,
2020-07-20,0.3,24.563457,13.587645,18.514643,,
2020-07-21,5.7999997,26.8958,14.628374,11.966954,,
2020-07-22,1.8000001,24.041151,13.91703,17.58481,,
2020-07-23,3.3999996,25.120283,13.191122,16.78156,,
2020-07-24,7.7,24.642979,14.310738,17.49615,,
2020-07-25,8.7,25.523872,14.407156,19.813087,,
2020-07-26,1.4000001,23.34316,13.91658,15.9134655,,
2020-07-27,1.6,23.499016,12.493771,18.584509,,
2020-07-28,4.0999994,20.935581,15.264704,18.847641,,
2020-07-29,0.70000005,25.173069,14.459789,14.917212,,
2020-07-30,4.2,26.266369,13.986189,11.592895,,
2020-07-31,9.7,24.044952,14.016201,12.10157,,
2020-08-01,9.800001,24.28244,14.05979,20.082708,,
2020-08-02,6.2,24.357922,13.6675415,12.864649,,
2020-08-03,10.999999,24.219038,13.258678,14.291592,,
2020-08-04,18.900002,25.976437,14.232918,11.525623,,
2020-08-05,11.6,25.816628,13.500164,14.182355,,
2020-08-06,1.1000001,24.902279,12.6380005,18.59845,,
2020-08-07,2.4,24.493698,12.357294,21.9718,,
2020-08-08,1.5,19.613632,12.487642,19.602652,,
2020-08-09,24.100002,23.841099,14.092035,9.826088,,
2020-08-10,22.200003,26.07367,14.172909,12.594856,,
2020-08-11,4.4,25.021704,14.33543,13.18308,,
2020-08-12,2.8999996,21.868124,13.188374,13.392774,,
2020-08-13,0,22.895247,10.889473,14.332341,,
2020-08-14,4.6,25.821117,13.727379,20.5484,,
2020-08-15,11.9,24.565947,10.771508,11.988594,,
2020-08-16,14.8,23.33546,12.020443,10.233123,,
2020-08-17,5.2,24.34679,11.438135,20.073025,,
2020-08-18,12.200002,23.482208,12.5845585,13.363711,,
2020-08-19,18.2,23.514708,13.500292,12.229406,,
2020-08-20,20.6,22.11864,13.860846,12.015589,,
2020-08-21,7.699999,24.268522,10.767944,10.703569,,
2020-08-22,0.5,25.171686,11.054453,11.874544,,
2020-08-23,0,24.681778,11.717331,17.935081,,
2020-08-24,1.1,24.048721,13.101006,22.392462,,
2020-08-25,13.2,20.34677,12.8291855,16.87398,,
2020-08-26,8.4,23.376947,13.938118,15.876775,,
2020-08-27,13.599999,25.653494,12.338665,13.70839,,
2020-08-28,19.099998,23.889917,13.466621,9.19939,,
2020-08-29,23.5,22.699303,14.893057,13.276144,,
2020-08-30,2.8000002,24.039162,12.4543495,16.263872,,
2020-08-31,0.3,25.723976,10.708602,12.475961,,
2020-09-01,2,24.843409,12.649906,14.33234,,
2020-09-02,0.1,25.656525,10.332809,17.811815,,
2020-09-03,0.2,26.191269,11.807928,28.00837,,
2020-09-04,1.8000002,21.32807,11.673463,24.798225,,
2020-09-05,0.1,21.93517,11.607355,21.99538,,
2020-09-06,8.700001,21.350502,12.882063,22.91026,,
2020-09-07,9.300001,24.561201,12.905184,21.933426,,
2020-09-08,9.8,24.728254,14.106234,11.090103,,
2020-09-09,3.2,24.40047,14.044743,12.144331,,
2020-09-10,14.800001,24.62241,14.579439,16.1198,,
2020-09-11,13.199999,24.82287,13.204741,17.238699,,
2020-09-12,16,23.988647,13.147182,15.141414,,
2020-09-13,8.400001,22.266563,13.135788,18.681883,,
2020-09-14,1.6,21.176083,10.529188,14.986553,,
2020-09-15,3.5999994,24.276676,12.91667,11.753876,,
2020-09-16,22.8,23.038319,14.271509,13.18308,,
2020-09-17,17.000002,24.387478,14.163536,15.463246,,
2020-09-18,4.6,20.624016,13.606857,13.891522,,
2020-09-19,6.099999,18.976912,12.610716,14.578888,,
2020-09-20,5.1,21.06774,11.665713,12.57426,,
2020-09-21,18.5,22.750671,13.867605,13.783817,,
2020-09-22,9.1,23.117792,12.066425,10.594036,,
2020-09-23,7.5,24.010695,13.109499,12.682018,,
2020-09-24,8.4,20.54677,12.928234,14.512064,,
2020-09-25,18.599998,22.426434,13.110016,12.096214,,
2020-09-26,22.1,21.928303,13.679085,9.726665,,
2020-09-27,5.9999995,24.91278,13.386145,9.826088,,
2020-09-28,4.2999997,24.05146,12.954807,12.964998,,
2020-09-29,9.900001,18.982738,9.749819,20.957443,,
2020-09-30,0.1,21.514189,6.8168974,13.237039,,
2020-10-01,0,20.91364,6.9277773,22.668568,,
2020-10-02,0,18.139977,1.791194,18.1041,,
2020-10-03,0.2,20.78017,6.6085873,20.268991,,
2020-10-04,0.6,19.714392,9.310787,26.099379,,
2020-10-05,0,19.483715,3.4769578,21.129885,,
2020-10-06,0,20.600786,5.213236,18.391735,,
2020-10-07,0,21.747309,2.6554375,18.448023,,
2020-10-08,0,23.943165,4.7564487,15.84,,
2020-10-09,0.2,25.092766,11.59124,15.683774,,
2020-10-10,7.7999997,25.796871,11.606246,13.441071,,
2020-10-11,2.1999998,27.044092,12.539354,16.24394,,
2020-10-12,3.8999999,24.248808,12.905209,17.533146,,
2020-10-13,1.5,25.019257,13.599577,12.245293,,
2020-10-14,1.3000001,25.066504,10.781324,21.862406,,
2020-10-15,1,25.524273,13.215076,25.872454,,
2020-10-16,0,20.652042,8.514379,29.07989,,
2020-10-17,0.1,22.157927,6.5196276,24.535526,,
2020-10-18,0.2,25.777962,9.546387,19.694992,,
2020-10-19,2.6999998,25.782385,12.58794,21.485697,,
2020-10-20,0.1,24.272999,11.605776,19.813087,,
2020-10-21,0.8000001,25.122684,12.261286,22.862125,,
2020-10-22,0,24.9177,10.834264,17.551615,,
2020-10-23,0,23.835567,8.630679,28.119204,,
2020-10-24,0,22.302368,7.013076,23.73271,,
2020-10-25,0,24.067238,6.371213,18.556595,,
2020-10-26,0,26.091448,8.2307,13.363711,,
2020-10-27,0,25.15615,8.568223,15.281989,,
2020-10-28,0,25.752695,10.46952,19.513195,,
2020-10-29,0.6,24.279522,11.36768,22.366402,,
2020-10-30,0,23.266594,8.59661,19.171478,,
2020-10-31,0,25.499863,8.163857,18.775301,,
2020-11-01,0,23.433466,9.690801,33.994755,,
2020-11-02,0.6,15.270964,5.4748573,26.319422,,
2020-11-03,0,22.082521,5.8433905,25.516865,,
2020-11-04,0,21.159323,4.0041027,25.567604,,
2020-11-05,0,21.894363,4.0834255,23.499481,,
2020-11-06,0,21.20883,6.4111357,18.678415,,
2020-11-07,0,23.277205,7.6222916,20.288164,,
2020-11-08,0,23.745844,8.189904,15.034041,,
2020-11-09,0,24.848425,8.674413,14.986553,,
2020-11-10,0,25.0383,8.611747,11.525623,,
2020-11-11,0,25.948696,7.6300926,12.768586,,
2020-11-12,0,26.797018,11.737991,16.08761,,
2020-11-13,0,25.660265,9.606304,14.007655,,
2020-11-14,0,25.532162,7.302471,12.43434,,
2020-11-15,0,22.390072,9.539965,31.151962,,
2020-11-16,0,18.957684,8.266605,27.553526,,
2020-11-17,0,13.9041195,9.601503,27.943514,,
2020-11-18,0.5,14.141726,7.085598,20.188908,,
2020-11-19,0,20.106472,5.979414,19.592731,,
2020-11-20,1.3,21.01695,7.1590242,19.373219,,
2020-11-21,2.8999999,18.092028,10.083634,19.110542,,
2020-11-22,0,19.894627,8.152042,21.09305,,
2020-11-23,0.3,18.82742,7.412217,21.734581,,
2020-11-24,0,22.930603,6.307522,15.629971,,
2020-11-25,0,23.900599,8.117633,17.227419,,
2020-11-26,0,24.950443,9.563573,18.089775,,
2020-11-27,0,24.01329,7.168497,12.387348,,
2020-11-28,0,23.736954,9.782168,13.392774,,
2020-11-29,0,23.230644,6.278797,15.575981,,
2020-11-30,0.1,19.648718,11.207019,15.807239,,
2020-12-01,0.6,20.338924,4.1055565,25.809765,,
2020-12-02,0,19.632076,5.555829,15.509274,,
2020-12-03,0,19.819412,5.965333,19.493261,,
2020-12-04,0,20.468964,4.3166866,20.966715,,
2020-12-05,0,22.042513,6.2350225,19.376562,,
2020-12-06,0.1,20.478016,5.4586773,15.683774,,
2020-12-07,0.5,17.69008,8.104569,14.458382,,
2020-12-08,0,20.170147,5.159773,15.745627,,
2020-12-09,0,20.533375,6.704398,19.416653,,
2020-12-10,0,22.103727,7.445097,18.218275,,
2020-12-11,0,22.4703,11.220966,15.876775,,
2020-12-12,0.5,21.262533,8.622916,10.8955765,,
2020-12-13,0,22.887226,5.025363,24.798225,,
2020-12-14,0,20.782726,8.53914,23.73271,,
2020-12-15,0,22.792318,4.528452,19.881649,,
2020-12-16,0,19.102276,8.499339,15.379206,,
2020-12-17,0,20.027054,5.753969,18.278645,,
2020-12-18,0.1,21.1355,5.7613077,17.072504,,
2020-12-19,0,21.623352,9.291687,15.827721,,
2020-12-20,0,20.513805,8.223527,17.163355,,
2020-12-21,0.1,19.7441,7.531599,18.504139,,
2020-12-22,0.1,22.412825,8.508319,9.504273,,
2020-12-23,0,21.626768,6.3639097,15.141414,,
2020-12-24,0,20.5439,5.7978954,18.289274,,
2020-12-25,0,19.827162,0.51181984,25.620771,,
2020-12-26,0.1,20.558924,5.022745,21.767351,,
2020-12-27,0,19.203197,5.0134964,12.371645,,
2020-12-28,0,19.539824,3.3190303,12.88981,,
2020-12-29,0,19.848257,2.2071967,15.905319,,
2020-12-30,0,19.626047,2.5312185,23.023119,,
2020-12-31,0,14.936485,1.4377036,37.731365,,
2021-01-01,0,19.366861,-2.5375988,22.027763,,
2021-01-02,0,20.792198,-0.123456,22.288042,,
2021-01-03,0,21.736382,0.41526604,23.993399,,
2021-01-04,0,20.526142,3.3882627,11.753876,,
2021-01-05,0,20.768898,4.8796844,20.056877,,
2021-01-06,0,20.180628,2.9386778,24.850431,,
2021-01-07,0.3,17.597843,7.374443,12.88981,,
2021-01-08,0,19.260418,4.445035,16.58346,,
2021-01-09,0.9,18.20245,5.731941,13.746156,,
2021-01-10,1.6,19.649744,4.233515,15.137133,,
2021-01-11,0.1,15.6765785,6.148094,19.995398,,
2021-01-12,0,20.124508,5.143283,17.068707,,
2021-01-13,0,17.996962,4.1968575,19.959719,,
2021-01-14,0,21.411818,6.989609,14.799459,,
2021-01-15,0.3,18.30532,9.411558,14.81259,,
2021-01-16,0.6,17.884212,6.2718935,14.145756,,
2021-01-17,3.5,18.293093,10.28065,19.995398,,
2021-01-18,0.8,19.060028,5.2460184,18.1041,,
2021-01-19,0,21.666504,5.197795,17.992796,,
2021-01-20,0,19.996723,7.231883,21.203358,,
2021-01-21,0,23.483814,7.7318773,12.287555,,
2021-01-22,0,23.880661,8.823567,16.79314,,
2021-01-23,0,22.836525,9.478805,23.000591,,
2021-01-24,0,20.860912,7.4588804,22.91026,,
2021-01-25,0,22.689322,3.9087467,18.472595,,
2021-01-26,0,24.715906,6.1475496,20.674156,,
2021-01-27,0,23.727915,9.767669,32.647057,,
2021-01-28,0.1,21.124384,6.826908,32.91983,,
2021-01-29,0,22.04877,5.6117897,32.138947,,
2021-01-30,0,23.637867,6.0359373,20.380579,,
2021-01-31,0,22.054,6.785671,26.564486,,
2021-02-01,0.8000001,17.193205,8.5238495,27.757378,,
2021-02-02,0,21.859959,2.3503819,21.120682,,
2021-02-03,0,23.726923,2.3927774,18.161278,,
2021-02-04,0,24.971075,5.3315573,17.782686,,
2021-02-05,0,25.584055,6.9049606,17.339897,,
2021-02-06,0,24.84215,4.1965513,24.640942,,
2021-02-07,0,22.527306,6.98493,23.587555,,
2021-02-08,0,23.342634,3.1549253,24.490585,,
2021-02-09,0,23.3542,6.118063,20.696087,,
2021-02-10,0,22.24943,7.4126053,15.807239,,
2021-02-11,0.1,19.51794,6.150958,22.682856,,
2021-02-12,0,17.478336,3.6399503,27.21038,,
2021-02-13,0,18.50078,1.0006227,26.478971,,
2021-02-14,0,23.318602,-0.58029103,22.057161,,
2021-02-15,0,20.058306,-3.9591293,21.188072,,
2021-02-16,0,21.965801,-1.6282618,22.253124,,
2021-02-17,0,22.795015,-0.26640892,24.50381,,
2021-02-18,0,24.184208,0.39858246,26.161375,,
2021-02-19,0,22.950306,3.0356164,18.581022,,
2021-02-20,0,24.360863,3.002133,20.620806,,
2021-02-21,0,25.028357,7.006913,14.386494,,
2021-02-22,0,23.647291,7.2697315,24.648829,,
2021-02-23,0,24.00545,3.5248423,24.087738,,
2021-02-24,0,24.960407,8.889952,15.137133,,
2021-02-25,0,26.919521,5.9559336,24.087738,,
2021-02-26,0,27.013716,7.31046,19.61587,,
2021-02-27,0,27.170218,8.492044,17.673029,,
2021-02-28,0,27.485477,9.3108835,22.183128,,
2021-03-01,0,28.830574,10.798071,23.051247,,
2021-03-02,0.3,25.834425,12.92433,25.671307,,
2021-03-03,0,26.945618,9.950272,20.265795,,
2021-03-04,0,27.07749,10.561414,21.028437,,
2021-03-05,0,28.1674,8.91635,18.844202,,
2021-03-06,0.5,23.246008,10.852639,20.316889,,
2021-03-07,0,25.391558,5.7433395,20.674156,,
2021-03-08,0.4,23.419182,5.47618,22.392462,,
2021-03-09,0,24.357975,5.486062,18.448023,,
2021-03-10,0,25.416645,5.833557,26.405453,,
2021-03-11,0,26.921764,9.805564,19.8,,
2021-03-12,0.2,27.595852,10.800598,17.935081,,
2021-03-13,0,27.93254,9.530354,17.566378,,
2021-03-14,0,27.450626,8.585337,21.578989,,
2021-03-15,0,27.200314,11.141306,17.581125,,
2021-03-16,0,25.994627,9.025435,19.803272,,
2021-03-17,0,26.122242,8.50867,19.862083,,
2021-03-18,0,22.14866,8.305391,27.609911,,
2021-03-19,0,24.12574,5.323409,28.930204,,
2021-03-20,0.3,24.206594,5.7372932,26.649727,,
2021-03-21,1,22.189413,9.023816,28.296091,,
2021-03-22,0,27.421227,7.0822077,16.394829,,
2021-03-23,0.1,27.175276,6.719575,22.065973,,
2021-03-24,0,26.673777,5.775714,25.323128,,
2021-03-25,0,27.802921,4.336336,23.143827,,
2021-03-26,0,27.04865,7.0799427,23.313995,,
2021-03-27,0,28.749023,8.517981,20.291357,,
2021-03-28,0,28.888283,9.082463,35.9946,,
2021-03-29,0.1,26.487408,10.906529,33.88019,,
2021-03-30,0,28.498634,9.358852,16.645864,,
2021-03-31,0,26.257008,10.85391,27.162708,,
2021-04-01,1,21.66051,9.641286,37.163788,,
2021-04-02,0,23.99466,6.6459446,33.16692,,
2021-04-03,0,24.882694,6.1006393,32.138947,,
2021-04-04,0,23.851875,4.051792,23.023119,,
2021-04-05,0,23.903654,5.6914616,28.1169,,
2021-04-06,0.6,23.14918,8.5422325,29.168886,,
2021-04-07,4.9,26.046444,9.0077505,20.316889,,
2021-04-08,0.2,26.765749,8.139591,20.633371,,
2021-04-09,0.6,26.646505,8.659036,21.407139,,
2021-04-10,0,27.812096,8.902103,24.33664,,
2021-04-11,0.1,27.02909,8.880941,18.947083,,
2021-04-12,0,26.646992,10.173193,24.535524,,
2021-04-13,0.3,26.639278,11.030643,18.129137,,
2021-04-14,1.2,27.469658,10.979829,26.478973,,
2021-04-15,0.2,26.935974,11.051902,35.538033,,
2021-04-16,0.2,27.057564,8.511272,22.322903,,
2021-04-17,0,28.968521,11.780741,26.459389,,
2021-04-18,0,27.542057,7.5829926,27.852928,,
2021-04-19,0,27.178267,3.972764,25.77962,,
2021-04-20,0,25.189987,5.382986,28.521906,,
2021-04-21,0,27.632496,8.449564,25.922499,,
2021-04-22,0,27.204952,9.761443,26.496098,,
2021-04-23,0,27.409904,10.451178,19.06301,,
2021-04-24,0,29.135963,8.594366,20.5484,,
2021-04-25,0.70000005,29.862492,13.999643,23.540806,,
2021-04-26,0.3,28.372871,13.927542,11.525623,,
2021-04-27,0,30.286644,12.583229,17.533146,,
2021-04-28,0.3,30.713345,14.486393,31.883888,,
2021-04-29,4.3,30.313744,12.17737,22.35481,,
2021-04-30,1.4000001,27.43627,15.311861,23.110207,,
2021-05-01,3.8,27.090614,12.723347,25.872456,,
2021-05-02,0.1,27.473747,10.921716,20.275385,,
2021-05-03,0,26.128494,9.7160015,29.17777,,
2021-05-04,0,27.1078,9.05756,23.770906,,
2021-05-05,1.1,25.640533,12.217419,28.657898,,
2021-05-06,32.3,23.41038,12.312193,27.553524,,
2021-05-07,0.70000005,22.645899,11.424345,24.269983,,
2021-05-08,0.6,24.207777,11.0834255,18.03237,,
2021-05-09,0.9,27.15556,14.746935,17.388409,,
2021-05-10,10.9,24.68036,13.995529,14.8257065,,
2021-05-11,9.7,23.781296,12.865627,16.548256,,
2021-05-12,12.400001,25.490187,11.257976,22.7057,,
2021-05-13,20.900005,19.657715,9.456099,23.828083,,
2021-05-14,1.5000001,23.290123,12.287144,19.06301,,
2021-05-15,3.1,23.490131,12.484539,15.580141,,
2021-05-16,4.9999995,23.088902,12.361635,15.84409,,
2021-05-17,0.4,23.028543,10.126103,23.838959,,
2021-05-18,1.8,25.492487,10.469403,33.033802,,
2021-05-19,0.4,24.185856,8.812555,18.998314,,
2021-05-20,0,23.695482,5.5131207,16.454008,,
2021-05-21,0,25.96242,10.555078,21.096123,,
2021-05-22,0,26.635145,11.772333,26.61323,,
2021-05-23,0.8,25.518414,12.979637,18.03237,,
2021-05-24,0.3,26.570253,14.432484,22.657131,,
2021-05-25,3.1999998,28.634602,14.302547,12.864649,,
2021-05-26,0.2,26.969872,13.164797,23.762726,,
2021-05-27,1.5000001,28.61444,14.835894,14.529915,,
2021-05-28,0,29.424961,12.464081,21.413193,,
2021-05-29,0.2,29.834946,13.0753765,17.227419,,
2021-05-30,1.6000001,28.84439,13.509314,17.462784,,
2021-05-31,0.4,28.737709,13.565504,16.575644,,
2021-06-01,0.3,27.081484,13.355314,15.175612,,
2021-06-02,8,21.00396,14.832262,17.25373,,
2021-06-03,19.3,21.62561,13.571127,12.245294,,
2021-06-04,18.2,21.738024,13.349516,15.941944,,
2021-06-05,8.599999,21.294636,13.631308,9.826088,,
2021-06-06,4,25.48206,15.00058,13.044722,,
2021-06-07,0.4,26.228079,11.677112,14.904173,,
2021-06-08,0.5,26.59069,10.197829,11.91812,,
2021-06-09,5.4999995,26.287405,13.781389,15.408671,,
2021-06-10,4.7999997,24.239029,11.70454,28.162954,,
2021-06-11,4.4,21.071558,11.789116,10.495713,,
2021-06-12,16.100004,21.244972,12.813555,11.384198,,
2021-06-13,35.8,21.604246,13.271839,11.988594,,
2021-06-14,24.400002,21.63842,13.496025,16.520823,,
2021-06-15,3.1999998,20.844639,12.755489,23.598541,,
2021-06-16,0.5,21.271648,10.300048,27.117346,,
2021-06-17,0.8,20.868519,11.141496,17.555305,,
2021-06-18,5.7,18.6558,11.385278,16.923828,,
2021-06-19,8.900002,20.884518,11.297,21.862406,,
2021-06-20,1.3,25.740234,11.872198,21.897945,,
2021-06-21,0.5,26.319878,11.103248,17.22742,,
2021-06-22,15.099999,24.988731,12.416475,17.429354,,
2021-06-23,5.7999997,24.50918,13.08049,14.88242,,
2021-06-24,3.9999998,23.787083,13.020451,15.2947035,,
2021-06-25,23.6,20.620222,11.002177,17.31746,,
2021-06-26,5.0000005,18.78241,10.839593,24.627789,,
2021-06-27,6.5000005,16.626068,10.5510025,18.161278,,
2021-06-28,14.200001,16.642498,11.024029,14.8257065,,
2021-06-29,6,21.940304,12.354898,10.315115,,
2021-06-30,27.6,22.248644,14.418167,9.885262,,
2021-07-01,28.5,19.081547,13.267401,11.384198,,
2021-07-02,18.100002,21.93397,13.896351,10.195057,,
2021-07-03,7.399998,19.749912,13.212463,7.5942073,,
2021-07-04,4.2,22.43177,12.047539,15.349684,,
2021-07-05,3.5,24.585094,10.725568,11.212135,,
2021-07-06,5.1,24.4575,13.837629,8.669949,,
2021-07-07,4.2999997,21.998022,13.331385,12.6462,,
2021-07-08,9.4,21.667053,13.529049,8.4042845,,
2021-07-09,1,23.304413,13.561361,14.587776,,
2021-07-10,3.9999998,24.481857,14.420895,10.144082,,
2021-07-11,6.2,23.52095,13.368704,12.10157,,
2021-07-12,1.6000001,22.867392,11.796888,13.37825,,
2021-07-13,3.0000002,22.350883,13.726479,15.175612,,
2021-07-14,4.1,23.789425,11.006589,10.829958,,
2021-07-15,3.2,21.336405,11.806772,13.608762,,
2021-07-16,3.8999996,24.882586,12.826923,20.291357,,
2021-07-17,0.9000001,20.532423,13.074257,16.92383,,
2021-07-18,4.6000004,24.390127,9.95044,17.673029,,
2021-07-19,1.7000002,23.44601,11.164435,16.199999,,
2021-07-20,8.4,26.28616,14.109594,17.072504,,
2021-07-21,9.7,24.741291,13.052021,17.477621,,
2021-07-22,15.699998,24.79663,13.630909,13.363711,,
2021-07-23,2.8999996,23.530376,10.779302,15.546833,,
2021-07-24,1,24.103165,11.286658,17.782686,,
2021-07-25,0.1,26.725538,11.140747,20.523157,,
2021-07-26,4.7,24.998348,11.820076,14.186923,,
2021-07-27,6.399999,24.414873,13.252525,19.813087,,
2021-07-28,3.7999995,22.863653,13.721273,13.202726,,
2021-07-29,7.999998,25.259525,13.212801,13.004922,,
2021-07-30,2.3000002,23.997896,11.121276,22.206486,,
2021-07-31,8.499999,24.522068,12.441574,10.685391,,
2021-08-01,19,24.27041,12.00289,10.182337,,
2021-08-02,7.3,25.736174,13.8048935,14.973577,,
2021-08-03,18.1,23.788208,12.966703,12.261158,,
2021-08-04,8.699999,23.816328,13.149715,14.986553,,
2021-08-05,13.400002,23.20427,13.679668,10.630672,,
2021-08-06,9.100001,24.229805,13.87018,14.003028,,
2021-08-07,23.100002,25.236223,13.591553,10.587917,,
2021-08-08,18.9,23.694582,13.163507,12.074766,,
2021-08-09,5.1,25.095861,12.556391,13.608762,,
2021-08-10,4.1,23.896496,11.503222,11.720751,,
2021-08-11,7.3,23.521898,10.504974,12.496718,,
2021-08-12,5.5999994,23.830402,12.050865,9.826088,,
2021-08-13,3.6999996,24.99547,12.885637,10.315115,,
2021-08-14,20.599998,25.97344,13.696716,15.141414,,
2021-08-15,4.9999995,24.949087,12.630629,14.336861,,
2021-08-16,1.4000001,24.802277,13.042099,16.055353,,
2021-08-17,11.899999,23.949986,13.61264,12.522619,,
2021-08-18,3.1,25.379389,13.619217,11.27553,,
2021-08-19,3.5,25.531767,14.740759,20.674156,,
2021-08-20,0.6,23.200089,10.914636,24.717085,,
2021-08-21,40.399994,18.310898,10.721472,19.917469,,
2021-08-22,1.6000001,22.606607,12.929115,12.849528,,
2021-08-23,6.4000006,23.524752,10.475905,15.072783,,
2021-08-24,2.9,21.73815,11.735831,15.256526,,
2021-08-25,1.2,22.694458,11.590042,25.63847,,
2021-08-26,0.5,23.890396,11.018694,21.99538,,
2021-08-27,1.8000001,18.729538,11.009033,15.856354,,
2021-08-28,5.9,21.775599,12.64641,13.37825,,
2021-08-29,5.1000004,20.476093,10.330093,14.57889,,
2021-08-30,4.2000003,23.29736,13.5504,7.208994,,
2021-08-31,11,22.011406,12.617813,10.1887,,
2021-09-01,9.800002,21.276257,13.552492,7.145796,,
2021-09-02,28.699999,22.10013,14.38302,8.28,,
2021-09-03,20.7,22.40439,13.533836,10.182337,,
2021-09-04,32.199997,24.086016,13.265087,10.195057,,
2021-09-05,4.9,23.422422,14.185255,12.245293,,
2021-09-06,16.7,21.58536,13.85224,8.427383,,
2021-09-07,59.5,21.23965,12.795771,14.264361,,
2021-09-08,13.5,23.621815,11.833645,7.0911775,,
2021-09-09,8.299999,21.94417,12.548784,18.59845,,
2021-09-10,0.3,19.4435,12.725006,19.164719,,
2021-09-11,1.1,20.54747,9.72013,16.071491,,
2021-09-12,2.2000003,21.318077,12.058985,15.281989,,
2021-09-13,11.699999,20.98496,13.457088,21.933426,,
2021-09-14,2.6,23.839579,11.243933,17.992796,,
2021-09-15,4.2,23.804804,13.469881,12.218805,,
2021-09-16,4.7,24.335543,14.233797,12.864649,,
2021-09-17,25.2,24.907742,14.019899,16.199999,,
2021-09-18,18.9,22.963078,13.055403,13.104198,,
2021-09-19,18.800005,21.514265,13.589033,11.27553,,
2021-09-20,28.500004,22.903917,12.129189,9.726665,,
2021-09-21,3.9999995,24.922968,13.237684,15.84409,,
2021-09-22,6.2000003,20.497055,10.571267,22.59699,,
2021-09-23,1.2,22.254747,9.211231,20.870687,,
2021-09-24,2.3000002,22.298748,12.485897,11.252519,,
2021-09-25,2.8,22.15925,12.505701,12.371645,,
2021-09-26,1.4000002,24.44697,12.442289,12.538134,,
2021-09-27,17.5,23.884708,13.053347,9.3669195,,
2021-09-28,0.70000005,23.061262,11.534467,10.105681,,
2021-09-29,2.1999998,23.370827,12.667297,8.311245,,
2021-09-30,9.8,23.726736,11.529586,10.00256,,
2021-10-01,3.6999998,22.257566,11.28842,12.413476,,
2021-10-02,10.7,23.96504,12.671175,11.966953,,
2021-10-03,7.3,23.926506,12.377321,13.783817,,
2021-10-04,7.2999997,22.277466,12.713778,14.917212,,
2021-10-05,5.7,21.706446,12.71492,19.652176,,
2021-10-06,2.9,20.659813,12.621208,18.448023,,
2021-10-07,2.2,22.103992,11.5612,21.96,,
2021-10-08,0,21.80373,8.0075445,21.068459,,
2021-10-09,0.5,24.224354,10.711068,15.696165,,
2021-10-10,1,25.308447,10.749819,11.298495,,
2021-10-11,1.7,26.712297,12.181799,10.365251,,
2021-10-12,0.3,25.696497,10.831722,14.8257065,,
2021-10-13,0,24.731377,8.0777855,14.386494,,
2021-10-14,0.3,25.134092,11.813992,10.1887,,
2021-10-15,0.7,24.591349,11.412219,21.178896,,
2021-10-16,0,20.282282,8.455386,31.259941,,
2021-10-17,1.4000001,18.022188,11.089811,22.17144,,
2021-10-18,0.3,21.809322,6.821203,18.175545,,
2021-10-19,0.1,23.76492,7.9674644,15.941944,,
2021-10-20,2.1000001,24.72942,10.97649,15.856356,,
2021-10-21,8.6,23.148344,11.501584,19.652176,,
2021-10-22,1.3000001,20.758814,11.192912,17.163355,,
2021-10-23,1.4,19.918846,11.606335,11.435313,,
2021-10-24,13.7,23.662477,12.74782,18.584509,,
2021-10-25,0.3,21.592113,9.512704,12.964998,,
2021-10-26,0,25.847378,8.1538105,12.959999,,
2021-10-27,0.2,25.043978,7.523176,12.096214,,
2021-10-28,4.7999997,23.231043,10.236446,14.186923,,
2021-10-29,12.600002,21.807768,9.527686,11.113451,,
2021-10-30,0.90000004,22.219446,8.970942,15.0038395,,
2021-10-31,0.2,22.197155,6.4661236,14.168641,,
2021-11-01,0,21.836243,8.515431,16.981165,,
2021-11-02,0,21.684345,6.349511,26.282463,,
2021-11-03,0,22.31078,5.2315464,18.430452,,
2021-11-04,0,21.49476,5.789809,14.764389,,
2021-11-05,0,21.807575,5.4296455,18.014393,,
2021-11-06,0,20.152905,4.210764,15.192682,,
2021-11-07,0,21.957775,6.1614513,25.40743,,
2021-11-08,0,22.88898,6.824849,25.325686,,
2021-11-09,0,22.678522,8.325812,23.263912,,
2021-11-10,0,23.108978,6.7339163,19.110542,,
2021-11-11,0,21.0258,6.8127327,24.40046,,
2021-11-12,0,19.298145,3.504386,18.723461,,
2021-11-13,0,18.064623,3.967455,19.201874,,
2021-11-14,0,19.344383,6.060772,27.059933,,
2021-11-15,0.2,18.960001,5.2458467,17.10284,,
2021-11-16,0,20.023018,3.5860314,26.932714,,
2021-11-17,0,20.32525,3.7098942,16.610792,,
2021-11-18,0,21.098776,6.4011946,15.30741,,
2021-11-19,0.3,18.155802,9.420018,27.086262,,
2021-11-20,0.1,21.609713,7.4228544,17.339897,,
2021-11-21,0,21.62389,8.997029,17.610588,,
2021-11-22,0.7,19.759193,9.617136,24.269983,,
2021-11-23,3.1,19.725107,9.995912,15.84409,,
2021-11-24,0.2,19.651104,8.701134,14.84318,,
2021-11-25,0,21.004782,9.374079,13.324863,,
2021-11-26,0.5,20.71185,8.528221,17.727943,,
2021-11-27,0,20.782127,6.542733,18.58451,,
2021-11-28,0,22.203104,7.81507,16.075521,,
2021-11-29,0,22.217558,8.69929,21.96295,,
2021-11-30,0,22.7836,4.1152964,18.335276,,
2021-12-01,0,21.612242,7.3908453,29.035288,,
2021-12-02,0,20.26765,6.6424494,26.111792,,
2021-12-03,0,21.387161,3.6175284,16.923828,,
2021-12-04,0,21.597698,5.318634,17.935081,,
2021-12-05,0,21.757969,6.6477966,18,,
2021-12-06,0,22.883863,5.4819307,18.514643,,
2021-12-07,0,22.589273,6.6348886,13.1041975,,
2021-12-08,0,23.809385,8.879987,18.388212,,
2021-12-09,0,23.19391,6.1310616,9.931042,,
2021-12-10,0,22.050776,6.491521,13.009903,,
2021-12-11,0,21.659702,6.462592,13.397612,,
2021-12-12,0,20.308355,5.8500566,23.535301,,
2021-12-13,0,22.35168,8.25436,13.53236,,
2021-12-14,0,21.237383,7.0850105,15.281989,,
2021-12-15,0,22.008095,7.318841,16.299694,,
2021-12-16,0.1,22.482384,8.674964,11.592895,,
2021-12-17,0.1,20.403856,6.2487698,20.598795,,
2021-12-18,0,19.807198,6.2795506,15.617529,,
2021-12-19,0,20.189138,8.693429,14.003028,,
2021-12-20,0.5,18.514425,6.9317913,18.584509,,
2021-12-21,0,19.526688,6.2538614,12.594856,,
2021-12-22,0,20.284164,2.6013236,11.841756,,
2021-12-23,0,20.787865,3.1011634,15.124284,,
2021-12-24,0,22.99069,4.826108,14.471821,,
2021-12-25,0,22.568502,5.728594,18.075441,,
2021-12-26,0,22.78889,1.9300346,20.49156,,
2021-12-27,0,22.768232,4.0306168,12.43434,,
2021-12-28,0,21.63264,4.795293,25.364037,,
2021-12-29,0,21.429848,2.2913132,23.1774,,
2021-12-30,0,21.527765,6.225321,20.46941,,
2021-12-31,0,21.733091,5.088563,18.668005,,
2022-01-01,0,22.087126,3.8561277,17.193533,,
2022-01-02,0,21.94386,6.012598,31.92654,,
2022-01-03,0,21.597534,5.7895584,25.346148,,
2022-01-04,0,22.24888,4.899061,9.779817,,
2022-01-05,0,22.097534,8.049779,12.0694,,
2022-01-06,0.4,22.32006,6.007969,21.325253,,
2022-01-07,2.2,21.084106,6.985012,19.130875,,
2022-01-08,0.3,20.921719,3.7434874,19.839235,,
2022-01-09,0.4,20.692142,5.5942383,22.218153,,
2022-01-10,0.5,17.308735,5.757368,23.1774,,
2022-01-11,0,15.869131,6.557516,23.828083,,
2022-01-12,0,19.671335,3.7663727,19.022177,,
2022-01-13,0,19.106611,3.723505,18.671474,,
2022-01-14,0,18.749712,5.5752926,15.137133,,
2022-01-15,0.6,18.112339,1.7367282,17.339897,,
2022-01-16,1.7,17.842955,4.695444,17.826363,,
2022-01-17,1.7,18.801258,4.078019,20.991426,,
2022-01-18,1,19.430733,2.313848,19.083395,,
2022-01-19,0,19.86389,3.7323093,14.618837,,
2022-01-20,0,19.049942,6.863756,18.35647,,
2022-01-21,0,17.452343,7.3684206,24.490587,,
2022-01-22,2,19.759665,6.3447924,18.11841,,
2022-01-23,0,20.643568,4.19195,15.530151,,
2022-01-24,0,19.652895,4.057493,25.40743,,
2022-01-25,0,20.572193,2.39287,16.62249,,
2022-01-26,0,21.191975,4.1426163,16.704155,,
2022-01-27,0,22.114475,6.5686665,19.602652,,
2022-01-28,0,20.604738,5.657942,24.122683,,
2022-01-29,0.2,20.615118,3.9050741,26.282465,,
2022-01-30,1.4,20.633934,5.1352177,7.172949,,
2022-01-31,0,21.54266,3.5511832,20.991426,,
2022-02-01,0,21.921345,2.496581,36.55729,,
2022-02-02,0,21.768719,5.131544,26.302181,,
2022-02-03,0,21.688848,3.5600467,19.110542,,
2022-02-04,0,21.720665,5.720907,25.38702,,
2022-02-05,0,19.283224,1.1414022,19.61587,,
2022-02-06,0.3,20.75936,4.475068,24.20314,,
2022-02-07,0.1,18.648067,5.4722786,17.418196,,
2022-02-08,6.5,18.401314,3.9505377,19.483284,,
2022-02-09,0,19.05765,2.335311,21.413193,,
2022-02-10,0,19.711899,1.0350432,20.545246,,
2022-02-11,0,19.78411,-0.33404922,25.809765,,
2022-02-12,0,17.888361,1.7558804,22.59699,,
2022-02-13,0,16.473442,4.777506,23.4,,
2022-02-14,1.4,19.909197,3.0646439,26.121714,,
2022-02-15,0.90000004,19.393057,5.5232525,17.713316,,
2022-02-16,0,21.818197,5.0411367,17.238699,,
2022-02-17,0,23.590826,3.4317455,20.63023,,
2022-02-18,0.1,24.27173,5.7046175,10.948973,,
2022-02-19,0,24.308016,5.327856,17.826363,,
2022-02-20,0,24.243399,4.572322,24.884306,,
2022-02-21,0,24.484268,7.052305,19.134262,,
2022-02-22,0,26.075016,6.0063868,17.673029,,
2022-02-23,0,25.391222,10.424418,24.063513,,
2022-02-24,0,24.852123,6.9971333,17.283749,,
2022-02-25,0,25.075443,7.885207,24.482647,,
2022-02-26,0,25.045452,7.627453,20.767975,,
2022-02-27,0,22.640865,7.329693,25.2924,,
2022-02-28,0,21.170238,2.012272,25.099514,,
2022-03-01,0,23.096191,4.019949,19.9954,,
2022-03-02,0,24.998766,4.611698,17.673029,,
2022-03-03,0,26.176912,5.6337166,20.633371,,
2022-03-04,0,24.741623,6.9380665,21.915691,,
2022-03-05,0,24.620253,6.645075,24.312662,,
2022-03-06,0,25.434471,7.2793274,18.971008,,
2022-03-07,0.3,26.209362,8.520217,14.145756,,
2022-03-08,1.9000001,23.1682,9.275665,22.26477,,
2022-03-09,0,24.53611,5.358042,23.795427,,
2022-03-10,0,24.65897,6.700224,23.090569,,
2022-03-11,0,25.92992,3.2420454,21.647945,,
2022-03-12,0,24.968985,7.426155,22.406927,,
2022-03-13,0,25.98276,1.032423,35.230373,,
2022-03-14,1.4,27.39476,6.887849,24.490585,,
2022-03-15,0.1,23.763502,9.14835,21.650938,,
2022-03-16,4.5,24.944668,7.200656,24.48,,
2022-03-17,1.4000001,24.807089,6.5945377,16.75064,,
2022-03-18,0,24.548824,6.3547974,16.09969,,
2022-03-19,0,23.996346,7.814869,18.899143,,
2022-03-20,0.2,23.075006,7.3342094,24.651457,,
2022-03-21,0,24.251188,8.86376,16.981165,,
2022-03-22,0,25.119886,6.002536,19.562946,,
2022-03-23,0,24.993748,5.6758556,25.992397,,
2022-03-24,0,24.07414,3.6008015,23.667091,,
2022-03-25,0,24.357067,5.2847366,22.553936,,
2022-03-26,0,23.935474,5.6320515,26.552288,,
2022-03-27,0,24.898726,5.242901,20.532627,,
2022-03-28,0,26.206043,6.981077,22.768396,,
2022-03-29,0,27.645391,8.195101,17.727943,,
2022-03-30,0,29.899315,9.932062,28.963785,,
2022-03-31,0,26.605587,8.3365965,27.257967,,
2022-04-01,0,27.141308,11.496149,22.553936,,
2022-04-02,0,28.771751,10.321042,13.084402,,
2022-04-03,0,26.832827,11.995539,17.057314,,
2022-04-04,0,26.765642,9.451261,25.582806,,
2022-04-05,0,27.542564,8.840423,29.914679,,
2022-04-06,0,26.322899,6.729597,23.78453,,
2022-04-07,0.6,27.731411,9.793048,24.94413,,
2022-04-08,2,23.423904,5.5715427,29.30409,,
2022-04-09,2.7,24.528835,7.8989763,18.25026,,
2022-04-10,1.7,25.407366,8.057445,20.240198,,
2022-04-11,0.1,26.705214,9.51426,18.947083,,
2022-04-12,2.9999998,27.600697,11.711552,25.455843,,
2022-04-13,1.1,27.73796,10.115491,22.657131,,
2022-04-14,0,28.196407,13.636974,16.199999,,
2022-04-15,0.3,29.781918,14.414394,18.723461,,
2022-04-16,0.5,28.89809,13.024942,20.275383,,
2022-04-17,0.1,30.477158,12.772066,20.972897,,
2022-04-18,0,29.510365,12.00997,22.415602,,
2022-04-19,9.700001,27.27158,13.909149,28.766228,,
2022-04-20,0.1,26.67823,9.757679,14.986553,,
2022-04-21,5.6,26.251354,9.739614,23.1774,,
2022-04-22,0.7,23.17781,9.67731,23.224882,,
2022-04-23,1.7,24.893791,9.691111,20.598795,,
2022-04-24,2.1999998,27.508068,10.463298,19.083395,,
2022-04-25,1.7,26.835175,9.971152,24.72495,,
2022-04-26,8.7,22.900345,11.133306,25.922499,,
2022-04-27,0,23.761574,9.271926,18.345877,,
2022-04-28,1.2,24.265408,9.72141,24.014996,,
2022-04-29,0,25.972584,8.920382,15.226764,,
2022-04-30,0,25.003159,9.823639,26.518099,,
2022-05-01,0,26.22386,13.547871,19.930477,,
2022-05-02,0,28.834698,9.840905,21.67487,,
2022-05-03,0,29.717014,11.035909,21.129885,,
2022-05-04,0.3,28.24802,11.596609,21.758419,,
2022-05-05,0.1,29.850891,11.584398,28.99062,,
2022-05-06,2.1000001,29.89315,13.714664,19.734436,,
2022-05-07,0.4,29.141685,12.465355,15.175612,,
2022-05-08,0.4,28.903625,11.797859,22.97522,,
2022-05-09,0,29.926613,10.944557,30.802622,,
2022-05-10,0,28.622337,14.601603,32.49785,,
2022-05-11,0.5,24.372362,12.684334,27.059933,,
2022-05-12,0,25.76158,9.981484,23.78453,,
2022-05-13,0,28.097458,11.083447,27.86921,,
2022-05-14,0,27.71717,10.815668,28.512817,,
2022-05-15,0,26.06623,13.329184,28.694056,,
2022-05-16,0,25.663534,10.404347,26.299719,,
2022-05-17,0,28.808594,10.366306,19.35314,,
2022-05-18,0,28.5424,10.31797,19.05281,,
2022-05-19,0,29.559673,12.98612,20.929596,,
2022-05-20,0,29.199913,12.479204,17.287498,,
2022-05-21,0,29.649124,13.014215,19.562946,,
2022-05-22,3.8000002,29.350563,14.892225,31.452133,,
2022-05-23,5.8999996,26.722141,13.281225,30.652895,,
2022-05-24,10.900001,26.00721,12.097296,34.877293,,
2022-05-25,0,26.57039,9.110071,14.205182,,
2022-05-26,0.1,24.760025,12.865726,29.795301,,
2022-05-27,0.2,24.376684,10.878496,31.575506,,
2022-05-28,0,26.25374,10.870817,25.603062,,
2022-05-29,1.7,27.96392,11.807579,17.713316,,
2022-05-30,0,27.880882,13.162004,26.959166,,
2022-05-31,0.9,28.161201,12.841578,24.379204,,
2022-06-01,2.9,25.481594,13.407978,19.523155,,
2022-06-02,2.3,22.37864,11.305122,19.770523,,
2022-06-03,0.6,26.107584,11.260643,24.149532,,
2022-06-04,0,26.996185,11.868635,19.8,,
2022-06-05,0.2,26.918543,14.666119,21.9718,,
2022-06-06,0.5,28.162773,13.905216,27.25559,,
2022-06-07,0,28.83316,12.091438,23.358425,,
2022-06-08,1.3,28.341736,14.535198,26.493652,,
2022-06-09,19.3,24.417492,14.485775,18.25026,,
2022-06-10,9.599999,25.413641,13.47901,14.154915,,
2022-06-11,2.1000001,26.176481,13.265457,18.94024,,
2022-06-12,0.3,25.774918,11.522628,15.629971,,
2022-06-13,0.4,25.698599,10.810717,14.336861,,
2022-06-14,2.6,25.840555,12.771214,22.450264,,
2022-06-15,9.4,24.319237,13.032066,13.684735,,
2022-06-16,5.8999996,21.48047,10.361379,18.504139,,
2022-06-17,1,23.678501,11.273784,16.45007,,
2022-06-18,4,24.303135,11.79245,13.779114,,
2022-06-19,9.799999,24.732191,12.790464,21.94524,,
2022-06-20,1.9,24.60214,9.019312,28.075384,,
2022-06-21,11.7,21.563051,13.050562,24.20314,,
2022-06-22,9.1,23.497866,12.623726,19.134262,,
2022-06-23,3,22.49976,11.506608,13.202726,,
2022-06-24,0.5,22.944363,11.138901,20.633371,,
2022-06-25,5.7,22.974718,11.653561,14.973577,,
2022-06-26,13.400001,23.951862,10.906837,16.563911,,
2022-06-27,4,24.726841,11.296179,20.275383,,
2022-06-28,19.600002,25.59098,12.562841,18.39878,,
2022-06-29,2,23.78428,12.772438,12.538134,,
2022-06-30,0.3,26.414179,11.601973,15.9134655,,
2022-07-01,6.6000004,26.632534,12.60137,16.831684,,
2022-07-02,5.2999997,27.731174,12.777611,23.000591,,
2022-07-03,1.1000001,25.367632,12.802002,21.068459,,
2022-07-04,2.4,23.558966,12.05159,13.684735,,
2022-07-05,7.7,25.736326,12.990227,16.641972,,
2022-07-06,3.5000002,25.004158,12.436653,14.81259,,
2022-07-07,15.299999,23.360239,12.644707,18,,
2022-07-08,4.3999996,25.92425,12.007019,18.532133,,
2022-07-09,17.900003,24.504616,12.094662,25.068514,,
2022-07-10,0.70000005,24.673336,11.202325,12.287555,,
2022-07-11,7.8999996,25.676392,13.049202,17.873556,,
2022-07-12,1.8000002,25.304644,11.217869,9.0645685,,
2022-07-13,1.1,24.821638,11.69501,17.731598,,
2022-07-14,8.299999,25.572,12.694563,21.385939,,
2022-07-15,14.3,25.262316,12.272852,14.458382,,
2022-07-16,15.6,23.476746,11.0116825,19.296135,,
2022-07-17,9.6,25.941757,12.404238,13.608762,,
2022-07-18,5.8,23.949339,11.642769,12.984975,,
2022-07-19,2.9999998,27.107346,11.794437,14.973577,,
2022-07-20,1.9000001,26.755661,12.446701,13.392774,,
2022-07-21,0.3,26.52803,10.729366,15.893093,,
2022-07-22,0.5,25.934158,12.052038,17.826363,,
2022-07-23,1.6,25.327076,11.634441,27.534704,,
2022-07-24,2,26.287815,11.426594,20.12461,,
2022-07-25,23.5,24.092442,12.261648,17.713316,,
2022-07-26,2,25.188934,11.760033,12.904882,,
2022-07-27,9.299999,24.024311,12.025616,21.41319,,
2022-07-28,2,23.837626,10.826511,11.91812,,
2022-07-29,12.199999,22.613297,12.754272,13.392774,,
2022-07-30,7.6999993,24.288431,12.275488,15.978486,,
2022-07-31,4.6,24.676071,10.876436,20.431387,,
2022-08-01,5.9999995,23.258787,10.864298,23.532547,,
2022-08-02,6.2999997,26.111519,11.2079315,18,,
2022-08-03,4.2,25.832684,11.073593,12.959999,,
2022-08-04,2.1999998,25.315336,12.788601,13.397612,,
2022-08-05,0.3,23.941029,11.692193,18.668005,,
2022-08-06,1,24.863728,9.85115,23.266697,,
2022-08-07,1.9,25.574709,11.513499,22.963936,,
2022-08-08,5.2999997,24.500889,10.493326,21.028437,,
2022-08-09,10,24.693329,11.536178,17.106628,,
2022-08-10,6.2,25.147364,12.424837,16.610792,,
2022-08-11,0.90000004,24.15387,11.816313,19.48661,,
2022-08-12,6.799999,25.677622,12.317287,18.171976,,
2022-08-13,23.7,24.606792,12.287313,14.480773,,
2022-08-14,12.4,24.007545,11.63304,11.966953,,
2022-08-15,12.4,25.395247,10.465704,18.440998,,
2022-08-16,9.599999,23.502974,11.765739,13.684735,,
2022-08-17,11.6,24.718344,12.392132,18.64369,,
2022-08-18,12.6,25.976765,11.225925,16.595179,,
2022-08-19,1.5000001,24.023905,11.737487,10.97262,,
2022-08-20,10.8,23.32856,11.009732,12.371645,,
2022-08-21,28.600004,22.484692,12.857851,12.620554,,
2022-08-22,1.9000001,25.456932,11.75934,18.335276,,
2022-08-23,1.2,25.080418,12.196293,17.782686,,
2022-08-24,1.1,25.453781,10.977454,14.440443,,
2022-08-25,4.0999994,24.13802,12.309963,22.19773,,
2022-08-26,6.599999,24.926367,10.02976,17.294992,,
2022-08-27,2.3999999,23.790962,11.25923,15.328561,,
2022-08-28,14.099999,24.546862,12.14271,13.684735,,
2022-08-29,23,25.985237,10.716303,18.03237,,
2022-08-30,6.5,25.393393,9.936087,11.720751,,
2022-08-31,4,25.382042,13.440647,11.525623,,
2022-09-01,1.6,25.242239,12.856802,19.681828,,
2022-09-02,1.6,24.615452,12.481607,22.077717,,
2022-09-03,9.2,21.854395,12.323141,27.475807,,
2022-09-04,7.7,22.547873,11.506105,15.84,,
2022-09-05,13.800002,21.665932,11.515741,20.497883,,
2022-09-06,6.6,22.321049,11.487831,17.388409,,
2022-09-07,17.500002,23.56908,13.151337,16.854767,,
2022-09-08,17.6,21.859356,12.665615,15.496736,,
2022-09-09,9.700001,24.647821,9.548188,12.096214,,
2022-09-10,0.1,25.884796,8.229125,10.495713,,
2022-09-11,0.9000001,23.86886,10.853125,21.325253,,
2022-09-12,2.3,20.946802,11.635057,18.792551,,
2022-09-13,1.5000002,23.449152,12.15468,16.08761,,
2022-09-14,2.8999999,23.80192,11.2462,25.744402,,
2022-09-15,8,20.791319,11.796135,21.325253,,
2022-09-16,11.700003,21.286251,12.500685,19.242327,,
2022-09-17,3.6,23.846416,12.270369,11.720751,,
2022-09-18,20.400002,21.993177,12.912554,10.464797,,
2022-09-19,16.200003,24.717802,12.9033985,14.277983,,
2022-09-20,9.8,24.01141,11.277276,13.202726,,
2022-09-21,1.8000001,20.65099,11.151508,15.629972,,
2022-09-22,0.4,22.178955,10.711568,20.056877,,
2022-09-23,0.3,22.202866,10.535719,18.175545,,
2022-09-24,0.8000001,24.794024,12.660418,19.201874,,
2022-09-25,19.2,23.627352,14.436779,15.617529,,
2022-09-26,12.500003,22.299433,10.537482,19.93048,,
2022-09-27,13.000003,21.044825,10.995261,23.000591,,
2022-09-28,1.5,19.628107,11.123287,22.79684,,
2022-09-29,1.7,22.442253,7.754737,23.241617,,
2022-09-30,0,21.204346,8.572367,23.452555,,
2022-10-01,0,24.109352,6.4528704,16.746773,,
2022-10-02,0.5,25.197372,6.7985897,17.339897,,
2022-10-03,0.1,23.574286,7.1383095,20.466246,,
2022-10-04,0.3,22.2,9.795857,21.659918,,
2022-10-05,7,22.744047,10.050398,18.486622,,
2022-10-06,11.200001,23.162231,12.196239,10.829958,,
2022-10-07,6.3,22.91293,10.789532,10.495713,,
2022-10-08,1.0000001,19.66553,10.887176,20.620806,,
2022-10-09,1.4000001,17.55296,8.750783,25.630886,,
2022-10-10,1.3000001,17.923273,8.739216,23.400002,,
2022-10-11,1.3000001,18.949003,9.616818,18.391735,,
2022-10-12,0.8000001,22.745508,11.5071,17.610588,,
2022-10-13,0.1,22.82621,7.772708,18.782204,,
2022-10-14,0,23.43885,8.964253,14.345898,,
2022-10-15,0,24.038694,9.781641,16.92383,,
2022-10-16,0.2,24.946114,12.109577,21.96,,
2022-10-17,13.6,25.33285,13.174854,12.397806,,
2022-10-18,11.799999,22.889265,12.453148,17.339897,,
2022-10-19,5.6,16.610981,9.965702,23.565567,,
2022-10-20,1.8000001,21.637848,7.35892,20.240196,,
2022-10-21,0.4,18.73334,9.393891,15.978484,,
2022-10-22,1.8,23.746891,8.670473,11.542478,,
2022-10-23,0,26.001373,11.264652,10.514218,,
2022-10-24,0.3,26.998398,12.885738,17.057314,,
2022-10-25,0,25.449871,12.040043,13.004921,,
2022-10-26,0,24.775833,12.491035,21.67487,,
2022-10-27,4.9,23.400652,11.759367,18.175545,,
2022-10-28,0,26.076761,9.818828,13.044722,,
2022-10-29,1.5,23.992664,11.643181,17.373497,,
2022-10-30,1.1,24.52459,9.434517,22.366402,,
2022-10-31,2.5,23.866348,8.292911,16.700275,,
2022-11-01,0.4,24.156076,9.704305,15.807239,,
2022-11-02,0.2,23.420593,10.623479,20.056877,,
2022-11-03,0,25.49555,9.7660675,20.532627,,
2022-11-04,0,24.684715,10.594023,16.45007,,
2022-11-05,0,23.798956,10.858766,13.797913,,
2022-11-06,0,24.393633,10.016278,11.753877,,
2022-11-07,0,22.433674,7.370693,18.25026,,
2022-11-08,0,21.562418,9.119516,25.6233,,
2022-11-09,0,22.239939,9.4012575,17.373497,,
2022-11-10,0,22.499247,8.630989,17.555305,,
2022-11-11,0,24.873217,8.079442,14.693999,,
2022-11-12,0,24.623755,8.759093,20.456745,,
2022-11-13,0,23.712355,9.723474,19.174856,,
2022-11-14,0,24.3293,7.2420893,25.20257,,
2022-11-15,0,24.654686,9.149333,20.61766,,
2022-11-16,0,24.136831,8.816307,15.9134655,,
2022-11-17,0,23.421013,6.917178,20.172853,,
2022-11-18,0.1,21.988907,9.772245,23.904108,,
2022-11-19,1,21.86294,8.025915,17.429354,,
2022-11-20,0.4,18.327515,11.159842,23.0653,,
2022-11-21,0.2,22.421173,7.0558014,21.710716,,
2022-11-22,0.8000001,21.950481,9.506895,14.021525,,
2022-11-23,0.4,22.00569,8.003103,11.720751,,
2022-11-24,0,22.050827,8.883289,11.753877,,
2022-11-25,0.2,23.330336,10.062414,23.828083,,
2022-11-26,0.1,23.544197,6.3725157,16.279802,,
2022-11-27,0.3,23.35822,7.7775135,10.805998,,
2022-11-28,0.2,22.550812,9.938451,22.238562,,
2022-11-29,2.8,23.441078,6.4028873,14.24163,,
2022-11-30,0.1,21.962538,10.489917,24.522314,,
2022-12-01,0.1,21.30746,8.915854,24.962307,,
2022-12-02,0,22.030336,6.9384613,16.418526,,
2022-12-03,0.5,23.74167,9.394476,22.057161,,
2022-12-04,0,20.04876,5.1506243,22.392464,,
2022-12-05,0,22.093428,5.908514,18.440998,,
2022-12-06,0,22.844164,6.592352,15.1884165,,
2022-12-07,0,22.479225,7.395397,13.0447235,,
2022-12-08,0,20.617117,3.2147923,16.923828,,
2022-12-09,0,21.5074,7.42317,15.986593,,
2022-12-10,0,21.524126,6.137869,17.786331,,
2022-12-11,0,20.446272,5.5236244,17.026896,,
2022-12-12,0,20.224497,4.08718,12.88981,,
2022-12-13,0,20.82304,5.0163345,27.77838,,
2022-12-14,0,21.256346,2.7860684,19.576189,,
2022-12-15,0,20.821814,5.222703,20.696087,,
2022-12-16,0,22.36083,4.473879,19.486609,,
2022-12-17,0,21.28398,5.2421494,16.434305,,
2022-12-18,0,21.116512,5.273489,14.20062,,
2022-12-19,0,21.222166,6.6770544,20.421871,,
2022-12-20,0,21.134113,5.0389147,18.204042,,
2022-12-21,0,19.18985,3.326517,24.162945,,
2022-12-22,0,20.984697,5.1578894,20.188908,,
2022-12-23,0.2,18.486132,8.297422,12.682018,,
2022-12-24,0,17.573532,4.250622,20.523157,,
2022-12-25,2.1,13.489622,4.843562,13.684735,,
2022-12-26,0.3,14.918613,3.6871643,12.864649,,
2022-12-27,0,17.24901,3.0594482,16.394829,,
2022-12-28,0,17.363684,0.67548084,14.494192,,
2022-12-29,0,17.935589,0.3076501,19.652176,,
2022-12-30,0.3,17.717077,3.7101254,14.440443,,
2022-12-31,10.700001,18.875492,7.539218,19.881649,,
2023-01-01,0,18.839655,4.4446697,15.124284,,
2023-01-02,0,17.325926,3.6262498,22.668568,,
2023-01-03,0,21.491404,3.8842,19.469975,,
2023-01-04,0,20.831512,4.4698343,10.538843,,
2023-01-05,0,20.14365,6.9127026,19.966211,,
2023-01-06,0,20.219593,5.2479944,23.143827,,
2023-01-07,0,20.090958,5.6752396,15.175612,,
2023-01-08,0,20.206993,2.9341226,10.8955765,,
2023-01-09,0,19.386776,6.277296,19.959719,,
2023-01-10,0,18.917837,5.7430744,19.272614,,
2023-01-11,0,17.317766,3.9929876,18.335276,,
2023-01-12,0,19.319086,4.8065643,11.177405,,
2023-01-13,0.6,18.25095,6.805481,23.587555,,
2023-01-14,0,18.749582,-0.053663254,24.923338,,
2023-01-15,0,19.883718,1.7247066,9.746631,,
2023-01-16,0,21.440971,1.824925,16.375053,,
2023-01-17,0,21.988827,5.240406,24.75638,,
2023-01-18,0,22.55025,2.2836194,19.171478,,
2023-01-19,0,23.418737,4.234477,14.77755,,
2023-01-20,0,23.093763,5.1663837,17.87718,,
2023-01-21,0,21.924036,6.036434,21.986542,,
2023-01-22,0,21.971186,4.7889385,20.291357,,
2023-01-23,0,21.188251,4.732708,23.006226,,
2023-01-24,0,23.378748,3.1996913,21.218632,,
2023-01-25,0,22.2088,5.310176,15.463246,,
2023-01-26,0,21.346846,3.7921486,26.64,,
2023-01-27,0,20.67697,1.5424461,20.808498,,
2023-01-28,0,21.504322,3.3645926,17.399586,,
2023-01-29,0,22.956564,6.3194103,18.374111,,
2023-01-30,0,25.052317,8.846912,11.435313,,
2023-01-31,0,23.72831,7.420865,19.681828,,
2023-02-01,0,22.966095,7.5662193,20.163212,,
2023-02-02,0,23.556412,3.2920203,19.914217,,
2023-02-03,0,18.944714,5.7873964,21.129885,,
2023-02-04,0,22.079067,1.5053778,26.405453,,
2023-02-05,0,20.562092,5.2186737,20.883104,,
2023-02-06,0,22.309929,4.0899353,18.0036,,
2023-02-07,0,22.50628,4.29307,14.565548,,
2023-02-08,0,21.146112,5.5269127,17.287498,,
2023-02-09,0.8,21.383562,8.074483,19.64228,,
2023-02-10,0,22.122864,6.9746017,17.81909,,
2023-02-11,0,21.9882,5.0948124,27.103003,,
2023-02-12,0,23.470953,4.370817,25.744402,,
2023-02-13,0,23.7218,7.1552477,24.248613,,
2023-02-14,0,22.58055,4.6586246,24.144165,,
2023-02-15,0,24.190197,4.051358,24.29133,,
2023-02-16,0,26.16095,3.693513,23.78453,,
2023-02-17,0,24.16589,7.8620567,24.863466,,
2023-02-18,0,24.345974,0.6382818,28.220419,,
2023-02-19,0,23.78472,5.0197372,19.296135,,
2023-02-20,0,25.34177,7.4536066,21.129885,,
2023-02-21,0,23.134491,4.705858,25.582806,,
2023-02-22,0,22.268766,5.717453,26.437336,,
2023-02-23,0,25.915766,5.990369,25.35637,,
2023-02-24,0,25.14737,7.7440605,23.143827,,
2023-02-25,0,22.43867,8.776476,22.862125,,
2023-02-26,0,24.616808,8.41402,22.725668,,
2023-02-27,0,25.690218,11.290359,14.529915,,
2023-02-28,0,27.238445,9.920801,15.986593,,
2023-03-01,0.1,27.155249,8.30426,24.216522,,
2023-03-02,0,26.326626,7.838318,23.584808,,
2023-03-03,0,26.683336,4.3217325,28.467329,,
2023-03-04,0,26.450607,4.8998623,21.96295,,
2023-03-05,0.1,26.97652,10.104215,23.993399,,
2023-03-06,0,27.285889,8.905777,20.592503,,
2023-03-07,0,27.187237,6.8909216,25.277023,,
2023-03-08,0,24.800278,9.26729,17.462782,,
2023-03-09,0,26.310589,7.579026,19.995398,,
2023-03-10,0,26.713715,8.249258,21.068459,,
2023-03-11,0,25.499596,9.952207,22.218153,,
2023-03-12,0,23.24871,9.611382,20.969807,,
2023-03-13,0.4,23.417719,9.110659,27.238943,,
2023-03-14,0.3,21.954372,6.8951235,23.319553,,
2023-03-15,3.1,21.490406,9.581333,20.12461,,
2023-03-16,2.9,21.643997,6.101694,15.137133,,
2023-03-17,0.3,23.391518,6.4489403,18.11841,,
2023-03-18,8.8,21.422806,7.6998873,20.68356,,
2023-03-19,1.4000001,21.774555,6.221076,25.1614,,
2023-03-20,0,22.122456,2.635202,22.553936,,
2023-03-21,0,25.411892,4.811371,21.578989,,
2023-03-22,0,26.45813,9.243426,26.661882,,
2023-03-23,0,26.223253,8.930426,20.883102,,
2023-03-24,0,28.215412,9.303738,21.203358,,
2023-03-25,0.90000004,27.498335,9.679486,34.20568,,
2023-03-26,0,27.718733,8.615486,19.813087,,
2023-03-27,0,28.85231,10.518084,19.171478,,
2023-03-28,0.7,28.986809,12.80323,38.546906,,
2023-03-29,4,26.875967,12.734901,18.161278,,
2023-03-30,0,25.909033,8.773193,17.555305,,
2023-03-31,0,27.153875,9.53347,23.068108,,
2023-04-01,0,29.7673,11.361556,19.95972,,
2023-04-02,0.1,29.123928,11.760427,26.886963,,
2023-04-03,0,29.516685,13.381374,17.771753,,
2023-04-04,0,28.437393,10.440414,25.942488,,
2023-04-05,0,28.92305,10.7698965,26.729847,,
2023-04-06,0,26.748621,12.635149,29.528778,,
2023-04-07,1.5,26.388449,12.927324,22.553936,,
2023-04-08,1.6,26.493698,12.826044,21.479664,,
2023-04-09,0,25.71775,10.638065,18.709612,,
2023-04-10,1.8,24.170761,11.989983,27.21038,,
2023-04-11,7.2,20.026802,12.29845,17.533146,,
2023-04-12,0.2,21.884504,9.306501,18.472595,,
2023-04-13,3.3000002,23.779655,8.288896,18.79255,,
2023-04-14,1,24.54891,5.274395,21.129883,,
2023-04-15,0,24.81158,5.47058,18.1041,,
2023-04-16,0,25.094414,9.248285,28.961546,,
2023-04-17,0.4,22.533741,9.376949,36.367126,,
2023-04-18,0,26.796196,9.8367,17.283749,,
2023-04-19,0,26.778969,8.366864,17.643673,,
2023-04-20,0.2,28.670967,9.689507,26.61323,,
2023-04-21,0,27.601492,9.270379,24.216522,,
2023-04-22,1.3000001,27.941154,12.598515,33.672993,,
2023-04-23,1,25.634655,9.743653,22.218153,,
2023-04-24,0,25.896465,11.98719,21.24305,,
2023-04-25,0,28.339508,9.962758,21.518847,,
2023-04-26,0,26.061749,9.982116,31.614477,,
2023-04-27,0,28.421902,9.065757,26.6327,,
2023-04-28,0,25.26158,8.855807,22.782625,,
2023-04-29,0.5,26.955618,7.303605,25.982424,,
2023-04-30,0.3,25.307587,8.915738,22.963936,,
2023-05-01,0,27.443068,9.262728,25.651104,,
2023-05-02,0.7,28.94186,8.964836,16.93531,,
2023-05-03,0,28.116718,11.006811,23.803596,,
2023-05-04,0,26.877304,12.169352,23.469128,,
2023-05-05,4.7,27.076115,11.284731,22.33161,,
2023-05-06,0.4,28.789215,11.820131,20.620806,,
2023-05-07,2.5,28.792213,12.4948635,31.37168,,
2023-05-08,5.2999997,26.645567,11.792267,21.2522,,
2023-05-09,1.6,24.541344,10.489467,31.060303,,
2023-05-10,0.5,27.76345,9.7314205,28.357857,,
2023-05-11,2,27.215124,8.243864,22.406927,,
2023-05-12,1.2,26.33979,9.042689,20.767975,,
2023-05-13,1.7,23.685284,9.996676,19.486609,,
2023-05-14,6.7,23.527248,9.996492,21.096123,,
2023-05-15,0.3,23.224535,8.881466,14.003029,,
2023-05-16,0.2,21.413261,8.291492,21.566975,,
2023-05-17,2.3,23.898357,7.171891,16.808569,,
2023-05-18,0,24.997715,8.370742,23.023119,,
2023-05-19,0.4,27.479553,9.485739,10.931203,,
2023-05-20,1.1,26.49259,13.203075,13.049689,,
2023-05-21,7.0000005,24.573233,14.07592,17.992796,,
2023-05-22,11.2,26.711351,12.712942,21.166653,,
2023-05-23,2,25.584482,11.083282,15.137133,,
2023-05-24,0.4,24.989538,11.036061,15.617529,,
2023-05-25,0.3,27.287132,11.401741,19.05281,,
2023-05-26,8.300001,27.063547,11.628778,30.5173,,
2023-05-27,0.5,27.01846,11.863903,19.513195,,
2023-05-28,9.3,26.13108,13.376816,25.992397,,
2023-05-29,1.9,24.507732,9.367002,16.75064,,
2023-05-30,0.1,26.111654,8.474135,14.561099,,
2023-05-31,0,26.67729,13.79381,14.81259,,
2023-06-01,0.6,28.472374,12.91761,14.689589,,
2023-06-02,4.5,31.280354,11.847809,14.113653,,
2023-06-03,0.5,29.782352,14.273548,18.947083,,
2023-06-04,0,27.81379,11.428935,32.2396,,
2023-06-05,0.4,28.68362,13.29492,22.881956,,
2023-06-06,3.4,27.142214,12.407106,19.592731,,
2023-06-07,2,24.331394,11.629722,26.727423,,
2023-06-08,0.1,27.776573,11.375803,15.30741,,
2023-06-09,0,29.855114,10.381203,21.94524,,
2023-06-10,0,31.549843,12.774704,15.273505,,
2023-06-11,1.6,30.953438,15.060844,22.539564,,
2023-06-12,0,29.578293,13.596323,27.059933,,
2023-06-13,0,29.21577,9.925117,29.598919,,
2023-06-14,0,30.961262,15.521267,22.380884,,
2023-06-15,0,32.213223,14.49523,29.546328,,
2023-06-16,0,31.165974,14.654497,27.551172,,
2023-06-17,0,30.455528,14.459883,28.227304,,
2023-06-18,0,31.431652,14.5836525,27.852928,,
2023-06-19,0,31.23706,12.340101,29.74306,,
2023-06-20,0,32.135136,15.632006,20.371038,,
2023-06-21,0,28.76382,14.454166,28.660158,,
2023-06-22,0,26.563665,12.821426,32.26572,,
2023-06-23,0,26.39757,12.452995,30.472675,,
2023-06-24,0,24.916136,11.1887455,28.137632,,
2023-06-25,3.5,27.51731,13.939665,26.260265,,
2023-06-26,7.3999996,24.982237,13.376318,27.36947,,
2023-06-27,0.5,26.251827,11.843376,17.309975,,
2023-06-28,4.2,26.417507,14.059986,14.05845,,
2023-06-29,3.5,24.262316,14.150301,20.12461,,
2023-06-30,3.9,25.43317,13.77647,21.734581,,
2023-07-01,1.6,26.915066,13.626038,19.559633,,
2023-07-02,10.5,25.03722,13.983349,17.917007,,
2023-07-03,9.6,28.174927,14.029362,11.792404,,
2023-07-04,13.500001,26.465164,14.1373005,15.042659,,
2023-07-05,10.5,27.543892,14.396709,17.727943,,
2023-07-06,13.2,26.306677,13.2127075,15.408671,,
2023-07-07,18.2,26.358072,15.743458,20.767975,,
2023-07-08,3.4999998,26.739925,13.550901,19.881649,,
2023-07-09,14,26.415022,13.537619,18.03237,,
2023-07-10,7.3,26.679255,13.353285,10.1376915,,
2023-07-11,8,26.705275,12.246214,18.079027,,
2023-07-12,9.500001,26.245634,11.847633,18.947083,,
2023-07-13,2.3999999,25.55555,11.628994,13.044722,,
2023-07-14,3.3,27.589437,10.504316,17.654688,,
2023-07-15,2.8999996,26.184013,12.896107,17.114204,,
2023-07-16,0.90000004,26.285097,11.701053,21.734581,,
2023-07-17,5.9000006,25.7522,12.189123,19.164719,,
2023-07-18,0.4,26.971786,11.358299,16.919998,,
2023-07-19,1,27.524403,12.999168,14.264361,,
2023-07-20,0.3,25.974735,11.568974,26.124195,,
2023-07-21,0.6,28.050194,12.731527,25.210283,,
2023-07-22,10.600001,25.97074,13.311935,17.298738,,
2023-07-23,12.700002,26.488087,14.07387,19.803272,,
2023-07-24,6.9000006,24.018143,13.617231,13.783817,,
2023-07-25,12.1,25.015152,14.034441,15.03835,,
2023-07-26,6.299999,25.77413,12.752037,12.261157,,
2023-07-27,22.200003,19.030342,13.285601,13.392774,,
2023-07-28,11.400001,21.658754,9.886951,12.10157,,
2023-07-29,0.1,25.800793,10.033636,15.937878,,
2023-07-30,2.8000002,24.996916,12.806824,14.336861,,
2023-07-31,27.1,25.10989,12.162695,13.450708,,
2023-08-01,3.6999993,27.080614,12.99313,17.917007,,
2023-08-02,2.6000001,25.12669,12.093281,13.830749,,
2023-08-03,19.8,25.746,10.867647,17.22742,,
2023-08-04,6.3999996,22.983433,13.630383,11.440979,,
2023-08-05,18,25.860592,14.817194,12.979984,,
2023-08-06,18.700003,23.677908,13.677689,11.252519,,
2023-08-07,1,26.788145,12.15724,20.724247,,
2023-08-08,2.2,27.681868,12.051277,10.8955765,,
2023-08-09,1.2,27.357145,11.906019,9.885262,,
2023-08-10,3.3999999,27.36945,13.328688,13.556282,,
2023-08-11,2.1,27.222286,12.852671,15.580141,,
2023-08-12,3.9999998,25.459137,12.706404,9.422101,,
2023-08-13,6,27.189825,11.733357,20.60823,,
2023-08-14,1.4000001,25.770517,13.560064,26.867676,,
2023-08-15,8.2,24.20263,10.168753,19.513195,,
2023-08-16,1.5,23.779911,10.0114765,22.884789,,
2023-08-17,9.1,23.745916,13.782007,11.200571,,
2023-08-18,15.899999,24.83166,11.187869,11.753877,,
2023-08-19,12.2,26.476265,12.925713,20.172853,,
2023-08-20,4.499999,19.298033,12.758526,22.180206,,
2023-08-21,0.90000004,24.080164,10.719787,19.602652,,
2023-08-22,4.399999,25.199903,12.623505,13.905509,,
2023-08-23,10.599999,24.511175,12.737202,21.611996,,
2023-08-24,4.2,22.24476,12.434793,24.162947,,
2023-08-25,2.1000001,21.945726,9.396278,16.75064,,
2023-08-26,0.9,23.296919,10.894896,13.18308,,
2023-08-27,2.9,24.155397,13.707354,17.771753,,
2023-08-28,17,22.062786,13.805733,11.113451,,
2023-08-29,0.8,26.2599,12.055744,10.829959,,
2023-08-30,0.1,26.734276,9.587299,15.7908325,,
2023-08-31,14.6,25.685266,14.313425,14.186923,,
2023-09-01,27.300003,25.997984,13.081215,15.021105,,
2023-09-02,8.099999,26.147017,11.988085,11.252519,,
2023-09-03,7.6000004,27.200806,13.468246,15.905319,,
2023-09-04,8.400001,26.585762,11.287195,11.4862,,
2023-09-05,4.2999997,26.649174,11.557106,15.484185,,
2023-09-06,9.9,26.39674,12.364056,16.434305,,
2023-09-07,2.7999995,26.25382,13.434713,11.183201,,
2023-09-08,0.3,23.531668,11.861704,18.681883,,
2023-09-09,0,23.652813,9.970247,21.028437,,
2023-09-10,0.6,23.12529,10.110438,18.720001,,
2023-09-11,0.8,23.668045,8.842949,19.914217,,
2023-09-12,0,24.825415,9.642359,22.79684,,
2023-09-13,0.5,26.76812,12.216225,22.206486,,
2023-09-14,0.1,27.167616,12.074249,17.81909,,
2023-09-15,3.7999997,27.728662,14.432659,19.319628,,
2023-09-16,9.3,27.089132,13.645475,19.8,,
2023-09-17,13.799998,25.413439,13.868418,13.849476,,
2023-09-18,5.5,24.949364,13.951094,10.823973,,
2023-09-19,15.4000025,25.856598,12.752609,10.495713,,
2023-09-20,6.1,25.410603,11.527542,14.81259,,
2023-09-21,0.4,25.4257,11.757681,19.721298,,
2023-09-22,0.5,25.850424,11.472945,24.144165,,
2023-09-23,0,26.452118,10.795184,21.626984,,
2023-09-24,0,25.863945,7.759652,28.802248,,
2023-09-25,0,24.46461,8.829741,31.056128,,
2023-09-26,0,24.401997,7.855584,29.5551,,
2023-09-27,0,25.693092,8.80401,26.208395,,
2023-09-28,0,26.121216,8.860148,20.61766,,
2023-09-29,0,26.137596,10.929808,25.14852,,
2023-09-30,0.1,27.569458,12.698931,19.011953,,
2023-10-01,0.1,27.233519,11.884916,18.998316,,
2023-10-02,1,27.211557,13.125568,22.415602,,
2023-10-03,14.099998,28.103592,14.902895,12.522619,,
2023-10-04,5.6000004,27.866932,13.296988,16.299694,,
2023-10-05,0.4,26.915401,13.287994,12.594856,,
2023-10-06,4.1,25.714859,12.053585,15.876775,,
2023-10-07,0.4,20.689106,13.595724,29.354902,,
2023-10-08,1.3000001,17.272865,11.352422,24.609364,,
2023-10-09,1.7,22.099585,11.275605,16.45007,,
2023-10-10,7.2,25.830797,11.894466,15.021105,,
2023-10-11,0.4,22.839748,11.399402,22.288042,,
2023-10-12,0.6,25.756897,11.253437,12.181624,,
2023-10-13,1.4000001,26.267437,10.799349,17.057314,,
2023-10-14,10.400001,26.216757,11.982908,26.903828,,
2023-10-15,2.1,21.120863,13.276886,28.006056,,
2023-10-16,0,19.962841,10.2014475,24.94413,,
2023-10-17,0.5,21.107021,7.9856586,16.75064,,
2023-10-18,0,23.388138,5.583954,17.399586,,
2023-10-19,0,23.70436,7.734336,22.9724,,
2023-10-20,0,24.077898,9.405133,24.627787,,
2023-10-21,0,25.819805,8.279151,21.26744,,
2023-10-22,0,26.349318,9.760996,22.768396,,
2023-10-23,0,25.512794,10.501518,23.675303,,
2023-10-24,0,25.432499,10.128538,18.681883,,
2023-10-25,7.8999996,19.816044,13.686417,13.797913,,
2023-10-26,2.8,23.100948,13.236828,9.931042,,
2023-10-27,0.3,24.689865,12.821281,12.245294,,
2023-10-28,0.2,23.88421,11.675328,23.83624,,
2023-10-29,0.3,24.365837,12.589731,20.497883,,
2023-10-30,0,21.740864,6.6767406,16.575644,,
2023-10-31,0.1,22.724272,7.73647,22.932877,,
2023-11-01,0,22.38372,6.4840193,28.412645,,
2023-11-02,0.1,23.880424,5.031193,26.474077,,
2023-11-03,0.4,24.09568,6.4710293,22.881956,,
2023-11-04,0,22.770445,6.2944107,22.553936,,
2023-11-05,0,24.874992,5.2873087,23.675303,,
2023-11-06,0,26.459614,8.291451,26.903828,,
2023-11-07,0,27.761135,9.565813,21.09305,,
2023-11-08,0.1,27.675592,12.195955,13.570615,,
2023-11-09,0.3,27.05401,11.562123,21.638964,,
2023-11-10,0.90000004,25.661886,10.928994,17.31746,,
2023-11-11,1.5000001,25.06454,13.796516,19.66536,,
2023-11-12,0,25.516685,8.810344,17.057314,,
2023-11-13,0.70000005,23.444862,13.230049,18.671474,,
2023-11-14,0.3,20.674435,10.930065,19.855558,,
2023-11-15,0,23.195343,9.341027,22.668568,,
2023-11-16,0,22.347677,3.0885086,18.430452,,
2023-11-17,0,24.89925,5.621928,19.211996,,
2023-11-18,0,21.990631,4.813678,16.946787,,
2023-11-19,0,26.117392,6.553769,16.516901,,
2023-11-20,0,26.668001,9.445463,27.666182,,
2023-11-21,1.7,23.195925,9.812554,28.515089,,
2023-11-22,0.3,17.656374,6.061842,23.906818,,
2023-11-23,10.9,15.101509,8.007673,21.67786,,
2023-11-24,0,21.525103,3.1669865,15.629971,,
2023-11-25,0,21.767244,6.1513786,23.532547,,
2023-11-26,0,21.9896,5.2311716,17.87718,,
2023-11-27,0.3,19.369564,8.247242,17.10284,,
2023-11-28,0.1,20.816124,9.269878,18.089775,,
2023-11-29,3.7,19.481302,8.709747,18.25026,,
2023-11-30,0.3,22.310894,6.6754627,7.928178,,
2023-12-01,0,22.025362,6.6351995,19.228851,,
2023-12-02,0,19.697323,8.232488,16.489416,,
2023-12-03,0.4,19.244213,9.572809,17.309973,,
2023-12-04,1.9000001,20.032797,11.194478,11.440979,,
2023-12-05,0.1,19.545933,9.767681,19.05281,,
2023-12-06,0.8,17.351885,9.3566675,19.386591,,
2023-12-07,0.4,16.51503,9.053318,17.373497,,
2023-12-08,1,19.010773,6.4856377,14.440443,,
2023-12-09,0,19.53606,6.016243,9.028754,,
2023-12-10,0,16.699085,7.327819,20.721119,,
2023-12-11,9.099999,12.926521,4.930626,19.33639,,
2023-12-12,0.2,16.178036,6.1740694,12.4811535,,
2023-12-13,0,16.48783,6.2057266,14.618837,,
2023-12-14,0.1,17.379818,9.720501,17.309973,,
2023-12-15,0.70000005,18.310995,8.830911,14.33234,,
2023-12-16,4.5999994,17.328661,10.0094595,7.69592,,
2023-12-17,0.1,18.845694,7.9597588,18.455048,,
2023-12-18,0,18.864483,1.0776439,10.948973,,
2023-12-19,0,18.052706,3.0864477,20.265795,,
2023-12-20,0,19.08016,0.44993782,12.43434,,
2023-12-21,0,19.967184,0.0470953,14.934577,,
2023-12-22,0,20.596832,0.4303794,19.770523,,
2023-12-23,0,18.995062,0.4110489,17.709658,,
2023-12-24,0,21.392105,4.620077,18.289274,,
2023-12-25,0,20.926014,5.9449577,9.504273,,
2023-12-26,0,17.267485,6.442416,19.406637,,
2023-12-27,1.0000001,14.446341,8.189788,11.457958,,
2023-12-28,0,17.194803,-0.97839093,19.107151,,
2023-12-29,0,16.622204,-0.30061555,17.654688,,
2023-12-30,0,16.441933,1.1539373,21.897945,,
2023-12-31,0,19.369915,3.3460298,14.904173,,
2024-01-01,0,19.312128,3.1331367,16.923828,,
2024-01-02,0,19.400164,4.8643723,18.218275,,
2024-01-03,0,21.799839,7.009795,24.569836,,
2024-01-04,0,21.472723,1.7694168,21.068459,,
2024-01-05,0,20.6248,1.894011,19.681828,,
2024-01-06,0,22.834597,1.2305632,19.64558,,
2024-01-07,0,19.509335,6.07178,20.730501,,
2024-01-08,0,20.634573,5.7950583,24.33664,,
2024-01-09,0,20.779476,4.206235,22.691425,,
2024-01-10,0,21.471058,1.4585762,15.175612,,
2024-01-11,0,23.402636,3.300282,20.456745,,
2024-01-12,0,25.067844,3.7089925,19.09358,,
2024-01-13,0,22.204048,4.8155375,20.12461,,
2024-01-14,0,21.266829,6.639345,13.18308,,
2024-01-15,0,23.79508,3.815548,18.193361,,
2024-01-16,0,23.229628,7.497181,13.084402,,
2024-01-17,0,23.25821,7.5209208,16.676977,,
2024-01-18,0,22.884155,9.75962,20.12461,,
2024-01-19,0,20.813267,8.900699,20.696087,,
2024-01-20,0,15.6302395,6.8038845,21.41319,,
2024-01-21,0,17.97232,9.387085,24.57511,,
2024-01-22,0,19.692978,3.7613173,13.979872,,
2024-01-23,0.1,21.529308,4.3979063,15.484185,,
2024-01-24,0,20.461975,5.896079,25.959969,,
2024-01-25,0,21.970367,4.29364,22.691423,,
2024-01-26,0,22.125715,3.8211508,20.12461,,
2024-01-27,0,21.754837,2.6982355,18.440998,,
2024-01-28,0,20.7306,7.65386,21.382906,,
2024-01-29,0,17.968382,4.842622,21.915693,,
2024-01-30,0,17.293356,5.170602,22.9724,,
2024-01-31,0.1,18.38487,8.672471,16.93531,,
2024-02-01,0,18.41305,7.199973,19.083395,,
2024-02-02,0,23.940018,3.327362,24.184391,,
2024-02-03,0,21.915953,1.9373679,20.63023,,
2024-02-04,0,20.877798,1.0837593,17.309973,,
2024-02-05,0,19.393898,3.7179742,18.057508,,
2024-02-06,0,22.205708,1.2492743,19.245697,,
2024-02-07,0,24.506823,3.1522317,18.709612,,
2024-02-08,0,26.209208,6.0870075,21.647945,,
2024-02-09,0,25.66543,9.013118,23.277834,,
2024-02-10,0,25.30088,3.8792448,24.48,,
2024-02-11,0,23.429127,3.1065912,22.553934,,
2024-02-12,0,24.290009,4.5465174,23.950148,,
2024-02-13,0,22.272308,6.031803,20.61766,,
2024-02-14,0,20.91009,6.6334352,14.77755,,
2024-02-15,0,24.349463,9.39668,21.9718,,
2024-02-16,0,21.137323,5.6188507,28.44,,
2024-02-17,10.9,14.936544,7.3028946,24.187069,,
2024-02-18,0,18.054218,4.0262327,17.727943,,
2024-02-19,0,22.645016,3.0094604,11.720751,,
2024-02-20,0,22.05636,2.1455498,12.682018,,
2024-02-21,0,25.538244,2.3092198,14.48972,,
2024-02-22,0,26.256742,3.6535263,11.212135,,
2024-02-23,0,26.072273,5.2140636,14.764389,,
2024-02-24,0,26.809204,9.363137,19.164717,,
2024-02-25,0,25.783878,8.211387,18.129137,,
2024-02-26,0,26.633898,6.5101614,19.130875,,
2024-02-27,0,26.718452,7.950425,12.074766,,
2024-02-28,0,27.286577,8.986893,19.107151,,
2024-02-29,0,26.200024,9.628025,24.066206,,
2024-03-01,0,26.179596,7.7699976,23.762726,,
2024-03-02,0,25.434797,8.380983,28.820242,,
2024-03-03,0,26.437813,7.2990446,32.11071,,
2024-03-04,0,26.608484,7.9359055,27.897097,,
2024-03-05,0,26.196278,4.9785776,29.574827,,
2024-03-06,0,26.879328,8.526834,22.127556,,
2024-03-07,0,28.403976,8.758482,25.96995,,
2024-03-08,0,29.764954,5.9470377,19.523155,,
2024-03-09,0,28.54026,6.104041,24.798225,,
2024-03-10,0,27.201128,8.479004,26.28986,,
2024-03-11,0,26.728655,8.006734,20.073025,,
2024-03-12,0,25.947905,9.508831,23.535301,,
2024-03-13,0,26.38664,7.3972645,25.942488,,
2024-03-14,0,25.929989,9.767878,30.77105,,
2024-03-15,0,26.806435,7.286256,28.449112,,
2024-03-16,0,27.466158,9.850428,29.381382,,
2024-03-17,0,27.964653,8.561271,22.963936,,
2024-03-18,0,28.10469,10.923624,18.35647,,
2024-03-19,0,25.459518,13.3318405,22.077717,,
2024-03-20,0,26.801954,11.837622,23.587555,,
2024-03-21,0,29.539074,9.53966,24.993439,,
2024-03-22,0,26.612545,7.49909,25.045238,,
2024-03-23,0,27.19276,9.4594555,19.373219,,
2024-03-24,0,29.310009,4.0458965,30.293522,,
2024-03-25,0,25.476345,3.1067924,23.319553,,
2024-03-26,0,26.699436,4.456909,25.711662,,
2024-03-27,0,27.035223,2.5933943,25.72174,,
2024-03-28,0,26.557487,7.5947886,34.04047,,
2024-03-29,0,27.543165,7.1612396,28.467327,,
2024-03-30,0,27.624931,7.720907,29.337238,,
2024-03-31,0,27.90707,9.672392,26.959166,,
2024-04-01,0,28.788197,9.598134,27.288855,,
2024-04-02,0,28.199535,8.224076,27.086262,,
2024-04-03,0,28.745186,8.342063,28.820242,,
2024-04-04,0,24.122185,7.7225904,22.42427,,
2024-04-05,0,25.38535,7.977277,23.795427,,
2024-04-06,0,26.585127,7.7103186,27.86921,,
2024-04-07,0,27.260166,9.598525,29.598919,,
2024-04-08,0,27.353949,13.61356,26.525429,,
2024-04-09,0,25.77734,7.7197695,31.75355,,
2024-04-10,0,26.999998,8.779558,22.45315,,
2024-04-11,0,26.67207,9.226375,19.959719,,
2024-04-12,0,29.102074,7.4847727,34.62369,,
2024-04-13,0,28.970764,9.741775,27.74103,,
2024-04-14,0,30.451534,10.691578,23.051247,,
2024-04-15,0,31.00032,11.717075,24.881702,,
2024-04-16,0,30.73563,12.323122,24.57511,,
2024-04-17,0,30.39241,13.936266,22.086521,,
2024-04-18,0,29.320267,14.154854,19.839235,,
2024-04-19,0.2,28.580975,14.5657215,24.482647,,
2024-04-20,4.2999997,28.397503,15.339199,22.033648,,
